CaseID$,YEAR,COWCODE,ARDACODE,COUNTRY
1,1945,2,234,United States of America
2,1950,2,234,United States of America
3,1955,2,234,United States of America
4,1960,2,234,United States of America
5,1965,2,234,United States of America
6,1970,2,234,United States of America
7,1975,2,234,United States of America
8,1980,2,234,United States of America
9,1985,2,234,United States of America
10,1990,2,234,United States of America
11,1995,2,234,United States of America
12,2000,2,234,United States of America
13,2005,2,234,United States of America
14,2010,2,234,United States of America
15,1945,20,41,Canada
16,1950,20,41,Canada
17,1955,20,41,Canada
18,1960,20,41,Canada
19,1965,20,41,Canada
20,1970,20,41,Canada
21,1975,20,41,Canada
22,1980,20,41,Canada
23,1985,20,41,Canada
24,1990,20,41,Canada
25,1995,20,41,Canada
26,2000,20,41,Canada
27,2005,20,41,Canada
28,2010,20,41,Canada
29,1975,31,17,Bahamas
30,1980,31,17,Bahamas
31,1985,31,17,Bahamas
32,1990,31,17,Bahamas
33,1995,31,17,Bahamas
34,2000,31,17,Bahamas
35,2005,31,17,Bahamas
36,2010,31,17,Bahamas
37,1945,40,63,Cuba
38,1950,40,63,Cuba
39,1955,40,63,Cuba
40,1960,40,63,Cuba
41,1965,40,63,Cuba
42,1970,40,63,Cuba
43,1975,40,63,Cuba
44,1980,40,63,Cuba
45,1985,40,63,Cuba
46,1990,40,63,Cuba
47,1995,40,63,Cuba
48,2000,40,63,Cuba
49,2005,40,63,Cuba
50,2010,40,63,Cuba
51,1945,41,103,Haiti
52,1950,41,103,Haiti
53,1955,41,103,Haiti
54,1960,41,103,Haiti
55,1965,41,103,Haiti
56,1970,41,103,Haiti
57,1975,41,103,Haiti
58,1980,41,103,Haiti
59,1985,41,103,Haiti
60,1990,41,103,Haiti
61,1995,41,103,Haiti
62,2000,41,103,Haiti
63,2005,41,103,Haiti
64,2010,41,103,Haiti
65,1945,42,70,Dominican Republic
66,1950,42,70,Dominican Republic
67,1955,42,70,Dominican Republic
68,1960,42,70,Dominican Republic
69,1965,42,70,Dominican Republic
70,1970,42,70,Dominican Republic
71,1975,42,70,Dominican Republic
72,1980,42,70,Dominican Republic
73,1985,42,70,Dominican Republic
74,1990,42,70,Dominican Republic
75,1995,42,70,Dominican Republic
76,2000,42,70,Dominican Republic
77,2005,42,70,Dominican Republic
78,2010,42,70,Dominican Republic
79,1960,51,116,Jamaica
80,1965,51,116,Jamaica
81,1970,51,116,Jamaica
82,1975,51,116,Jamaica
83,1980,51,116,Jamaica
84,1985,51,116,Jamaica
85,1990,51,116,Jamaica
86,1995,51,116,Jamaica
87,2000,51,116,Jamaica
88,2005,51,116,Jamaica
89,2010,51,116,Jamaica
90,1960,52,224,Trinidad and Tobago
91,1965,52,224,Trinidad and Tobago
92,1970,52,224,Trinidad and Tobago
93,1975,52,224,Trinidad and Tobago
94,1980,52,224,Trinidad and Tobago
95,1985,52,224,Trinidad and Tobago
96,1990,52,224,Trinidad and Tobago
97,1995,52,224,Trinidad and Tobago
98,2000,52,224,Trinidad and Tobago
99,2005,52,224,Trinidad and Tobago
100,2010,52,224,Trinidad and Tobago
101,1970,53,20,Barbados
102,1975,53,20,Barbados
103,1980,53,20,Barbados
104,1985,53,20,Barbados
105,1990,53,20,Barbados
106,1995,53,20,Barbados
107,2000,53,20,Barbados
108,2005,53,20,Barbados
109,2010,53,20,Barbados
110,1980,54,69,Dominica
111,1985,54,69,Dominica
112,1990,54,69,Dominica
113,1995,54,69,Dominica
114,2000,54,69,Dominica
115,2005,54,69,Dominica
116,2010,54,69,Dominica
117,1975,55,95,Grenada
118,1980,55,95,Grenada
119,1985,55,95,Grenada
120,1990,55,95,Grenada
121,1995,55,95,Grenada
122,2000,55,95,Grenada
123,2005,55,95,Grenada
124,2010,55,95,Grenada
125,1980,56,190,St. Lucia
126,1985,56,190,St. Lucia
127,1990,56,190,St. Lucia
128,1995,56,190,St. Lucia
129,2000,56,190,St. Lucia
130,2005,56,190,St. Lucia
131,2010,56,190,St. Lucia
132,1980,57,192,St. Vincent and the Grenadines
133,1985,57,192,St. Vincent and the Grenadines
134,1990,57,192,St. Vincent and the Grenadines
135,1995,57,192,St. Vincent and the Grenadines
136,2000,57,192,St. Vincent and the Grenadines
137,2005,57,192,St. Vincent and the Grenadines
138,2010,57,192,St. Vincent and the Grenadines
139,1980,58,10,Antigua and Barbuda
140,1985,58,10,Antigua and Barbuda
141,1990,58,10,Antigua and Barbuda
142,1995,58,10,Antigua and Barbuda
143,2000,58,10,Antigua and Barbuda
144,2005,58,10,Antigua and Barbuda
145,2010,58,10,Antigua and Barbuda
146,1985,60,189,St. Kitts and Nevis
147,1990,60,189,St. Kitts and Nevis
148,1995,60,189,St. Kitts and Nevis
149,2000,60,189,St. Kitts and Nevis
150,2005,60,189,St. Kitts and Nevis
151,2010,60,189,St. Kitts and Nevis
152,1945,70,149,Mexico
153,1950,70,149,Mexico
154,1955,70,149,Mexico
155,1960,70,149,Mexico
156,1965,70,149,Mexico
157,1970,70,149,Mexico
158,1975,70,149,Mexico
159,1980,70,149,Mexico
160,1985,70,149,Mexico
161,1990,70,149,Mexico
162,1995,70,149,Mexico
163,2000,70,149,Mexico
164,2005,70,149,Mexico
165,2010,70,149,Mexico
166,1980,80,23,Belize
167,1985,80,23,Belize
168,1990,80,23,Belize
169,1995,80,23,Belize
170,2000,80,23,Belize
171,2005,80,23,Belize
172,2010,80,23,Belize
173,1945,90,98,Guatemala
174,1950,90,98,Guatemala
175,1955,90,98,Guatemala
176,1960,90,98,Guatemala
177,1965,90,98,Guatemala
178,1970,90,98,Guatemala
179,1975,90,98,Guatemala
180,1980,90,98,Guatemala
181,1985,90,98,Guatemala
182,1990,90,98,Guatemala
183,1995,90,98,Guatemala
184,2000,90,98,Guatemala
185,2005,90,98,Guatemala
186,2010,90,98,Guatemala
187,1945,91,105,Honduras
188,1950,91,105,Honduras
189,1955,91,105,Honduras
190,1960,91,105,Honduras
191,1965,91,105,Honduras
192,1970,91,105,Honduras
193,1975,91,105,Honduras
194,1980,91,105,Honduras
195,1985,91,105,Honduras
196,1990,91,105,Honduras
197,1995,91,105,Honduras
198,2000,91,105,Honduras
199,2005,91,105,Honduras
200,2010,91,105,Honduras
201,1945,92,74,El Salvador
202,1950,92,74,El Salvador
203,1955,92,74,El Salvador
204,1960,92,74,El Salvador
205,1965,92,74,El Salvador
206,1970,92,74,El Salvador
207,1975,92,74,El Salvador
208,1980,92,74,El Salvador
209,1985,92,74,El Salvador
210,1990,92,74,El Salvador
211,1995,92,74,El Salvador
212,2000,92,74,El Salvador
213,2005,92,74,El Salvador
214,2010,92,74,El Salvador
215,1945,93,164,Nicaragua
216,1950,93,164,Nicaragua
217,1955,93,164,Nicaragua
218,1960,93,164,Nicaragua
219,1965,93,164,Nicaragua
220,1970,93,164,Nicaragua
221,1975,93,164,Nicaragua
222,1980,93,164,Nicaragua
223,1985,93,164,Nicaragua
224,1990,93,164,Nicaragua
225,1995,93,164,Nicaragua
226,2000,93,164,Nicaragua
227,2005,93,164,Nicaragua
228,2010,93,164,Nicaragua
229,1945,94,60,Costa Rica
230,1950,94,60,Costa Rica
231,1955,94,60,Costa Rica
232,1960,94,60,Costa Rica
233,1965,94,60,Costa Rica
234,1970,94,60,Costa Rica
235,1975,94,60,Costa Rica
236,1980,94,60,Costa Rica
237,1985,94,60,Costa Rica
238,1990,94,60,Costa Rica
239,1995,94,60,Costa Rica
240,2000,94,60,Costa Rica
241,2005,94,60,Costa Rica
242,2010,94,60,Costa Rica
243,1945,95,174,Panama
244,1950,95,174,Panama
245,1955,95,174,Panama
246,1960,95,174,Panama
247,1965,95,174,Panama
248,1970,95,174,Panama
249,1975,95,174,Panama
250,1980,95,174,Panama
251,1985,95,174,Panama
252,1990,95,174,Panama
253,1995,95,174,Panama
254,2000,95,174,Panama
255,2005,95,174,Panama
256,2010,95,174,Panama
257,1945,100,55,Colombia
258,1950,100,55,Colombia
259,1955,100,55,Colombia
260,1960,100,55,Colombia
261,1965,100,55,Colombia
262,1970,100,55,Colombia
263,1975,100,55,Colombia
264,1980,100,55,Colombia
265,1985,100,55,Colombia
266,1990,100,55,Colombia
267,1995,100,55,Colombia
268,2000,100,55,Colombia
269,2005,100,55,Colombia
270,2010,100,55,Colombia
271,1945,101,238,Venezuela
272,1950,101,238,Venezuela
273,1955,101,238,Venezuela
274,1960,101,238,Venezuela
275,1965,101,238,Venezuela
276,1970,101,238,Venezuela
277,1975,101,238,Venezuela
278,1980,101,238,Venezuela
279,1985,101,238,Venezuela
280,1990,101,238,Venezuela
281,1995,101,238,Venezuela
282,2000,101,238,Venezuela
283,2005,101,238,Venezuela
284,2010,101,238,Venezuela
285,1970,110,102,Guyana
286,1975,110,102,Guyana
287,1980,110,102,Guyana
288,1985,110,102,Guyana
289,1990,110,102,Guyana
290,1995,110,102,Guyana
291,2000,110,102,Guyana
292,2005,110,102,Guyana
293,2010,110,102,Guyana
294,1975,115,212,Suriname
295,1980,115,212,Suriname
296,1985,115,212,Suriname
297,1990,115,212,Suriname
298,1995,115,212,Suriname
299,2000,115,212,Suriname
300,2005,115,212,Suriname
301,2010,115,212,Suriname
302,1945,130,72,Ecuador
303,1950,130,72,Ecuador
304,1955,130,72,Ecuador
305,1960,130,72,Ecuador
306,1965,130,72,Ecuador
307,1970,130,72,Ecuador
308,1975,130,72,Ecuador
309,1980,130,72,Ecuador
310,1985,130,72,Ecuador
311,1990,130,72,Ecuador
312,1995,130,72,Ecuador
313,2000,130,72,Ecuador
314,2005,130,72,Ecuador
315,2010,130,72,Ecuador
316,1945,135,177,Peru
317,1950,135,177,Peru
318,1955,135,177,Peru
319,1960,135,177,Peru
320,1965,135,177,Peru
321,1970,135,177,Peru
322,1975,135,177,Peru
323,1980,135,177,Peru
324,1985,135,177,Peru
325,1990,135,177,Peru
326,1995,135,177,Peru
327,2000,135,177,Peru
328,2005,135,177,Peru
329,2010,135,177,Peru
330,1945,140,31,Brazil
331,1950,140,31,Brazil
332,1955,140,31,Brazil
333,1960,140,31,Brazil
334,1965,140,31,Brazil
335,1970,140,31,Brazil
336,1975,140,31,Brazil
337,1980,140,31,Brazil
338,1985,140,31,Brazil
339,1990,140,31,Brazil
340,1995,140,31,Brazil
341,2000,140,31,Brazil
342,2005,140,31,Brazil
343,2010,140,31,Brazil
344,1945,145,27,Bolivia
345,1950,145,27,Bolivia
346,1955,145,27,Bolivia
347,1960,145,27,Bolivia
348,1965,145,27,Bolivia
349,1970,145,27,Bolivia
350,1975,145,27,Bolivia
351,1980,145,27,Bolivia
352,1985,145,27,Bolivia
353,1990,145,27,Bolivia
354,1995,145,27,Bolivia
355,2000,145,27,Bolivia
356,2005,145,27,Bolivia
357,2010,145,27,Bolivia
358,1945,150,176,Paraguay
359,1950,150,176,Paraguay
360,1955,150,176,Paraguay
361,1960,150,176,Paraguay
362,1965,150,176,Paraguay
363,1970,150,176,Paraguay
364,1975,150,176,Paraguay
365,1980,150,176,Paraguay
366,1985,150,176,Paraguay
367,1990,150,176,Paraguay
368,1995,150,176,Paraguay
369,2000,150,176,Paraguay
370,2005,150,176,Paraguay
371,2010,150,176,Paraguay
372,1945,155,47,Chile
373,1950,155,47,Chile
374,1955,155,47,Chile
375,1960,155,47,Chile
376,1965,155,47,Chile
377,1970,155,47,Chile
378,1975,155,47,Chile
379,1980,155,47,Chile
380,1985,155,47,Chile
381,1990,155,47,Chile
382,1995,155,47,Chile
383,2000,155,47,Chile
384,2005,155,47,Chile
385,2010,155,47,Chile
386,1945,160,11,Argentina
387,1950,160,11,Argentina
388,1955,160,11,Argentina
389,1960,160,11,Argentina
390,1965,160,11,Argentina
391,1970,160,11,Argentina
392,1975,160,11,Argentina
393,1980,160,11,Argentina
394,1985,160,11,Argentina
395,1990,160,11,Argentina
396,1995,160,11,Argentina
397,2000,160,11,Argentina
398,2005,160,11,Argentina
399,2010,160,11,Argentina
400,1945,165,235,Uruguay
401,1950,165,235,Uruguay
402,1955,165,235,Uruguay
403,1960,165,235,Uruguay
404,1965,165,235,Uruguay
405,1970,165,235,Uruguay
406,1975,165,235,Uruguay
407,1980,165,235,Uruguay
408,1985,165,235,Uruguay
409,1990,165,235,Uruguay
410,1995,165,235,Uruguay
411,2000,165,235,Uruguay
412,2005,165,235,Uruguay
413,2010,165,235,Uruguay
414,1945,200,233,United Kingdom
415,1950,200,233,United Kingdom
416,1955,200,233,United Kingdom
417,1960,200,233,United Kingdom
418,1965,200,233,United Kingdom
419,1970,200,233,United Kingdom
420,1975,200,233,United Kingdom
421,1980,200,233,United Kingdom
422,1985,200,233,United Kingdom
423,1990,200,233,United Kingdom
424,1995,200,233,United Kingdom
425,2000,200,233,United Kingdom
426,2005,200,233,United Kingdom
427,2010,200,233,United Kingdom
428,1945,205,112,Ireland
429,1950,205,112,Ireland
430,1955,205,112,Ireland
431,1960,205,112,Ireland
432,1965,205,112,Ireland
433,1970,205,112,Ireland
434,1975,205,112,Ireland
435,1980,205,112,Ireland
436,1985,205,112,Ireland
437,1990,205,112,Ireland
438,1995,205,112,Ireland
439,2000,205,112,Ireland
440,2005,205,112,Ireland
441,2010,205,112,Ireland
442,1955,210,160,Netherlands
443,1960,210,160,Netherlands
444,1965,210,160,Netherlands
445,1970,210,160,Netherlands
446,1975,210,160,Netherlands
447,1980,210,160,Netherlands
448,1985,210,160,Netherlands
449,1990,210,160,Netherlands
450,1995,210,160,Netherlands
451,2000,210,160,Netherlands
452,2005,210,160,Netherlands
453,2010,210,160,Netherlands
454,1945,211,22,Belgium
455,1950,211,22,Belgium
456,1955,211,22,Belgium
457,1960,211,22,Belgium
458,1965,211,22,Belgium
459,1970,211,22,Belgium
460,1975,211,22,Belgium
461,1980,211,22,Belgium
462,1985,211,22,Belgium
463,1990,211,22,Belgium
464,1995,211,22,Belgium
465,2000,211,22,Belgium
466,2005,211,22,Belgium
467,2010,211,22,Belgium
468,1945,212,135,Luxembourg
469,1950,212,135,Luxembourg
470,1955,212,135,Luxembourg
471,1960,212,135,Luxembourg
472,1965,212,135,Luxembourg
473,1970,212,135,Luxembourg
474,1975,212,135,Luxembourg
475,1980,212,135,Luxembourg
476,1985,212,135,Luxembourg
477,1990,212,135,Luxembourg
478,1995,212,135,Luxembourg
479,2000,212,135,Luxembourg
480,2005,212,135,Luxembourg
481,2010,212,135,Luxembourg
482,1945,220,83,France
483,1950,220,83,France
484,1955,220,83,France
485,1960,220,83,France
486,1965,220,83,France
487,1970,220,83,France
488,1975,220,83,France
489,1980,220,83,France
490,1985,220,83,France
491,1990,220,83,France
492,1995,220,83,France
493,2000,220,83,France
494,2005,220,83,France
495,2010,220,83,France
496,1995,221,152,Monaco
497,2000,221,152,Monaco
498,2005,221,152,Monaco
499,2010,221,152,Monaco
500,1990,223,133,Liechtenstein
501,1995,223,133,Liechtenstein
502,2000,223,133,Liechtenstein
503,2005,223,133,Liechtenstein
504,2010,223,133,Liechtenstein
505,1945,225,216,Switzerland
506,1950,225,216,Switzerland
507,1955,225,216,Switzerland
508,1960,225,216,Switzerland
509,1965,225,216,Switzerland
510,1970,225,216,Switzerland
511,1975,225,216,Switzerland
512,1980,225,216,Switzerland
513,1985,225,216,Switzerland
514,1990,225,216,Switzerland
515,1995,225,216,Switzerland
516,2000,225,216,Switzerland
517,2005,225,216,Switzerland
518,2010,225,216,Switzerland
519,1945,230,208,Spain
520,1950,230,208,Spain
521,1955,230,208,Spain
522,1960,230,208,Spain
523,1965,230,208,Spain
524,1970,230,208,Spain
525,1975,230,208,Spain
526,1980,230,208,Spain
527,1985,230,208,Spain
528,1990,230,208,Spain
529,1995,230,208,Spain
530,2000,230,208,Spain
531,2005,230,208,Spain
532,2010,230,208,Spain
533,1995,232,6,Andorra
534,2000,232,6,Andorra
535,2005,232,6,Andorra
536,2010,232,6,Andorra
537,1945,235,181,Portugal
538,1950,235,181,Portugal
539,1955,235,181,Portugal
540,1960,235,181,Portugal
541,1965,235,181,Portugal
542,1970,235,181,Portugal
543,1975,235,181,Portugal
544,1980,235,181,Portugal
545,1985,235,181,Portugal
546,1990,235,181,Portugal
547,1995,235,181,Portugal
548,2000,235,181,Portugal
549,2005,235,181,Portugal
550,2010,235,181,Portugal
551,1945,255,90,Germany
552,1990,255,90,Germany
553,1995,255,90,Germany
554,2000,255,90,Germany
555,2005,255,90,Germany
556,2010,255,90,Germany
557,1955,260,90,Federal Republic of Germany
558,1960,260,90,Federal Republic of Germany
559,1965,260,90,Federal Republic of Germany
560,1970,260,90,Federal Republic of Germany
561,1975,260,90,Federal Republic of Germany
562,1980,260,90,Federal Republic of Germany
563,1985,260,90,Federal Republic of Germany
564,1990,260,90,Federal Republic of Germany
565,1955,265,90,German Democratic Republic
566,1960,265,90,German Democratic Republic
567,1965,265,90,German Democratic Republic
568,1970,265,90,German Democratic Republic
569,1975,265,90,German Democratic Republic
570,1980,265,90,German Democratic Republic
571,1985,265,90,German Democratic Republic
572,1945,290,180,Poland
573,1950,290,180,Poland
574,1955,290,180,Poland
575,1960,290,180,Poland
576,1965,290,180,Poland
577,1970,290,180,Poland
578,1975,290,180,Poland
579,1980,290,180,Poland
580,1985,290,180,Poland
581,1990,290,180,Poland
582,1995,290,180,Poland
583,2000,290,180,Poland
584,2005,290,180,Poland
585,2010,290,180,Poland
586,1955,305,15,Austria
587,1960,305,15,Austria
588,1965,305,15,Austria
589,1970,305,15,Austria
590,1975,305,15,Austria
591,1980,305,15,Austria
592,1985,305,15,Austria
593,1990,305,15,Austria
594,1995,305,15,Austria
595,2000,305,15,Austria
596,2005,305,15,Austria
597,2010,305,15,Austria
598,1945,310,106,Hungary
599,1950,310,106,Hungary
600,1955,310,106,Hungary
601,1960,310,106,Hungary
602,1965,310,106,Hungary
603,1970,310,106,Hungary
604,1975,310,106,Hungary
605,1980,310,106,Hungary
606,1985,310,106,Hungary
607,1990,310,106,Hungary
608,1995,310,106,Hungary
609,2000,310,106,Hungary
610,2005,310,106,Hungary
611,2010,310,106,Hungary
612,1945,315,999,Czechoslovakia
613,1950,315,999,Czechoslovakia
614,1955,315,999,Czechoslovakia
615,1960,315,999,Czechoslovakia
616,1965,315,999,Czechoslovakia
617,1970,315,999,Czechoslovakia
618,1975,315,999,Czechoslovakia
619,1980,315,999,Czechoslovakia
620,1985,315,999,Czechoslovakia
621,1990,315,999,Czechoslovakia
622,1995,316,65,Czech Republic
623,2000,316,65,Czech Republic
624,2005,316,65,Czech Republic
625,2010,316,65,Czech Republic
626,1995,317,202,Slovakia
627,2000,317,202,Slovakia
628,2005,317,202,Slovakia
629,2010,317,202,Slovakia
630,1945,325,115,Italy
631,1950,325,115,Italy
632,1955,325,115,Italy
633,1960,325,115,Italy
634,1965,325,115,Italy
635,1970,325,115,Italy
636,1975,325,115,Italy
637,1980,325,115,Italy
638,1985,325,115,Italy
639,1990,325,115,Italy
640,1995,325,115,Italy
641,2000,325,115,Italy
642,2005,325,115,Italy
643,2010,325,115,Italy
644,1995,331,194,San Marino
645,2000,331,194,San Marino
646,2005,331,194,San Marino
647,2010,331,194,San Marino
648,1965,338,142,Malta
649,1970,338,142,Malta
650,1975,338,142,Malta
651,1980,338,142,Malta
652,1985,338,142,Malta
653,1990,338,142,Malta
654,1995,338,142,Malta
655,2000,338,142,Malta
656,2005,338,142,Malta
657,2010,338,142,Malta
658,1945,339,3,Albania
659,1950,339,3,Albania
660,1955,339,3,Albania
661,1960,339,3,Albania
662,1965,339,3,Albania
663,1970,339,3,Albania
664,1975,339,3,Albania
665,1980,339,3,Albania
666,1985,339,3,Albania
667,1990,339,3,Albania
668,1995,339,3,Albania
669,2000,339,3,Albania
670,2005,339,3,Albania
671,2010,339,3,Albania
672,2010,341,249,Montenegro
673,1995,343,136,Macedonia
674,2000,343,136,Macedonia
675,2005,343,136,Macedonia
676,2010,343,136,Macedonia
677,1995,344,62,Croatia
678,2000,344,62,Croatia
679,2005,344,62,Croatia
680,2010,344,62,Croatia
681,1945,345,248,Yugoslvaia
682,1950,345,248,Yugoslvaia
683,1955,345,248,Yugoslvaia
684,1960,345,248,Yugoslvaia
685,1965,345,248,Yugoslvaia
686,1970,345,248,Yugoslvaia
687,1975,345,248,Yugoslvaia
688,1980,345,248,Yugoslvaia
689,1985,345,248,Yugoslvaia
690,1990,345,248,Yugoslvaia
691,1995,345,248,Yugoslvaia
692,2000,345,248,Yugoslvaia
693,2005,345,248,Serbia and Montenegro
694,2010,345,248,Serbia
695,1995,346,28,Bosnia and Herzegovina
696,2000,346,28,Bosnia and Herzegovina
697,2005,346,28,Bosnia and Herzegovina
698,2010,346,28,Bosnia and Herzegovina
699,2010,347,250,Kosovo
700,1995,349,203,Slovenia
701,2000,349,203,Slovenia
702,2005,349,203,Slovenia
703,2010,349,203,Slovenia
704,1945,350,93,Greece
705,1950,350,93,Greece
706,1955,350,93,Greece
707,1960,350,93,Greece
708,1965,350,93,Greece
709,1970,350,93,Greece
710,1975,350,93,Greece
711,1980,350,93,Greece
712,1985,350,93,Greece
713,1990,350,93,Greece
714,1995,350,93,Greece
715,2000,350,93,Greece
716,2005,350,93,Greece
717,2010,350,93,Greece
718,1960,352,64,Cyprus
719,1965,352,64,Cyprus
720,1970,352,64,Cyprus
721,1975,352,64,Cyprus
722,1980,352,64,Cyprus
723,1985,352,64,Cyprus
724,1990,352,64,Cyprus
725,1995,352,64,Cyprus
726,2000,352,64,Cyprus
727,2005,352,64,Cyprus
728,2010,352,64,Cyprus
729,1945,355,35,Bulgaria
730,1950,355,35,Bulgaria
731,1955,355,35,Bulgaria
732,1960,355,35,Bulgaria
733,1965,355,35,Bulgaria
734,1970,355,35,Bulgaria
735,1975,355,35,Bulgaria
736,1980,355,35,Bulgaria
737,1985,355,35,Bulgaria
738,1990,355,35,Bulgaria
739,1995,355,35,Bulgaria
740,2000,355,35,Bulgaria
741,2005,355,35,Bulgaria
742,2010,355,35,Bulgaria
743,1995,359,151,Moldova
744,2000,359,151,Moldova
745,2005,359,151,Moldova
746,2010,359,151,Moldova
747,1945,360,185,Romania
748,1950,360,185,Romania
749,1955,360,185,Romania
750,1960,360,185,Romania
751,1965,360,185,Romania
752,1970,360,185,Romania
753,1975,360,185,Romania
754,1980,360,185,Romania
755,1985,360,185,Romania
756,1990,360,185,Romania
757,1995,360,185,Romania
758,2000,360,185,Romania
759,2005,360,185,Romania
760,2010,360,185,Romania
761,1945,365,186,Russia
762,1950,365,186,Russia
763,1955,365,186,Russia
764,1960,365,186,Russia
765,1965,365,186,Russia
766,1970,365,186,Russia
767,1975,365,186,Russia
768,1980,365,186,Russia
769,1985,365,186,Russia
770,1990,365,186,Russia
771,1995,365,186,Russia
772,2000,365,186,Russia
773,2005,365,186,Russia
774,2010,365,186,Russia
775,1995,366,77,Estonia
776,2000,366,77,Estonia
777,2005,366,77,Estonia
778,2010,366,77,Estonia
779,1995,367,128,Latvia
780,2000,367,128,Latvia
781,2005,367,128,Latvia
782,2010,367,128,Latvia
783,1995,368,134,Lithuania
784,2000,368,134,Lithuania
785,2005,368,134,Lithuania
786,2010,368,134,Lithuania
787,1995,369,231,Ukraine
788,2000,369,231,Ukraine
789,2005,369,231,Ukraine
790,2010,369,231,Ukraine
791,1995,370,21,Belarus
792,2000,370,21,Belarus
793,2005,370,21,Belarus
794,2010,370,21,Belarus
795,1995,371,12,Armenia
796,2000,371,12,Armenia
797,2005,371,12,Armenia
798,2010,371,12,Armenia
799,1995,372,89,Georgia
800,2000,372,89,Georgia
801,2005,372,89,Georgia
802,2010,372,89,Georgia
803,1995,373,16,Azerbaijan
804,2000,373,16,Azerbaijan
805,2005,373,16,Azerbaijan
806,2010,373,16,Azerbaijan
807,1945,375,82,Finland
808,1950,375,82,Finland
809,1955,375,82,Finland
810,1960,375,82,Finland
811,1965,375,82,Finland
812,1970,375,82,Finland
813,1975,375,82,Finland
814,1980,375,82,Finland
815,1985,375,82,Finland
816,1990,375,82,Finland
817,1995,375,82,Finland
818,2000,375,82,Finland
819,2005,375,82,Finland
820,2010,375,82,Finland
821,1945,380,215,Sweden
822,1950,380,215,Sweden
823,1955,380,215,Sweden
824,1960,380,215,Sweden
825,1965,380,215,Sweden
826,1970,380,215,Sweden
827,1975,380,215,Sweden
828,1980,380,215,Sweden
829,1985,380,215,Sweden
830,1990,380,215,Sweden
831,1995,380,215,Sweden
832,2000,380,215,Sweden
833,2005,380,215,Sweden
834,2010,380,215,Sweden
835,1945,385,170,Norway
836,1950,385,170,Norway
837,1955,385,170,Norway
838,1960,385,170,Norway
839,1965,385,170,Norway
840,1970,385,170,Norway
841,1975,385,170,Norway
842,1980,385,170,Norway
843,1985,385,170,Norway
844,1990,385,170,Norway
845,1995,385,170,Norway
846,2000,385,170,Norway
847,2005,385,170,Norway
848,2010,385,170,Norway
849,1945,390,66,Denmark
850,1950,390,66,Denmark
851,1955,390,66,Denmark
852,1960,390,66,Denmark
853,1965,390,66,Denmark
854,1970,390,66,Denmark
855,1975,390,66,Denmark
856,1980,390,66,Denmark
857,1985,390,66,Denmark
858,1990,390,66,Denmark
859,1995,390,66,Denmark
860,2000,390,66,Denmark
861,2005,390,66,Denmark
862,2010,390,66,Denmark
863,1945,395,107,Iceland
864,1950,395,107,Iceland
865,1955,395,107,Iceland
866,1960,395,107,Iceland
867,1965,395,107,Iceland
868,1970,395,107,Iceland
869,1975,395,107,Iceland
870,1980,395,107,Iceland
871,1985,395,107,Iceland
872,1990,395,107,Iceland
873,1995,395,107,Iceland
874,2000,395,107,Iceland
875,2005,395,107,Iceland
876,2010,395,107,Iceland
877,1975,402,42,Cape Verde
878,1980,402,42,Cape Verde
879,1985,402,42,Cape Verde
880,1990,402,42,Cape Verde
881,1995,402,42,Cape Verde
882,2000,402,42,Cape Verde
883,2005,402,42,Cape Verde
884,2010,402,42,Cape Verde
885,1975,403,195,Sao Tome and Principe
886,1980,403,195,Sao Tome and Principe
887,1985,403,195,Sao Tome and Principe
888,1990,403,195,Sao Tome and Principe
889,1995,403,195,Sao Tome and Principe
890,2000,403,195,Sao Tome and Principe
891,2005,403,195,Sao Tome and Principe
892,2010,403,195,Sao Tome and Principe
893,1975,404,100,Guinea-Bissau
894,1980,404,100,Guinea-Bissau
895,1985,404,100,Guinea-Bissau
896,1990,404,100,Guinea-Bissau
897,1995,404,100,Guinea-Bissau
898,2000,404,100,Guinea-Bissau
899,2005,404,100,Guinea-Bissau
900,2010,404,100,Guinea-Bissau
901,1970,411,75,Equatorial Guinea
902,1975,411,75,Equatorial Guinea
903,1980,411,75,Equatorial Guinea
904,1985,411,75,Equatorial Guinea
905,1990,411,75,Equatorial Guinea
906,1995,411,75,Equatorial Guinea
907,2000,411,75,Equatorial Guinea
908,2005,411,75,Equatorial Guinea
909,2010,411,75,Equatorial Guinea
910,1965,420,87,Gambia
911,1970,420,87,Gambia
912,1975,420,87,Gambia
913,1980,420,87,Gambia
914,1985,420,87,Gambia
915,1990,420,87,Gambia
916,1995,420,87,Gambia
917,2000,420,87,Gambia
918,2005,420,87,Gambia
919,2010,420,87,Gambia
920,1960,432,141,Mali
921,1965,432,141,Mali
922,1970,432,141,Mali
923,1975,432,141,Mali
924,1980,432,141,Mali
925,1985,432,141,Mali
926,1990,432,141,Mali
927,1995,432,141,Mali
928,2000,432,141,Mali
929,2005,432,141,Mali
930,2010,432,141,Mali
931,1960,433,197,Senegal
932,1965,433,197,Senegal
933,1970,433,197,Senegal
934,1975,433,197,Senegal
935,1980,433,197,Senegal
936,1985,433,197,Senegal
937,1990,433,197,Senegal
938,1995,433,197,Senegal
939,2000,433,197,Senegal
940,2005,433,197,Senegal
941,2010,433,197,Senegal
942,1960,434,24,Benin
943,1965,434,24,Benin
944,1970,434,24,Benin
945,1975,434,24,Benin
946,1980,434,24,Benin
947,1985,434,24,Benin
948,1990,434,24,Benin
949,1995,434,24,Benin
950,2000,434,24,Benin
951,2005,434,24,Benin
952,2010,434,24,Benin
953,1960,435,146,Mauritania
954,1965,435,146,Mauritania
955,1970,435,146,Mauritania
956,1975,435,146,Mauritania
957,1980,435,146,Mauritania
958,1985,435,146,Mauritania
959,1990,435,146,Mauritania
960,1995,435,146,Mauritania
961,2000,435,146,Mauritania
962,2005,435,146,Mauritania
963,2010,435,146,Mauritania
964,1960,436,165,Niger
965,1965,436,165,Niger
966,1970,436,165,Niger
967,1975,436,165,Niger
968,1980,436,165,Niger
969,1985,436,165,Niger
970,1990,436,165,Niger
971,1995,436,165,Niger
972,2000,436,165,Niger
973,2005,436,165,Niger
974,2010,436,165,Niger
975,1960,437,61,Ivory Coast
976,1965,437,61,Ivory Coast
977,1970,437,61,Ivory Coast
978,1975,437,61,Ivory Coast
979,1980,437,61,Ivory Coast
980,1985,437,61,Ivory Coast
981,1990,437,61,Ivory Coast
982,1995,437,61,Ivory Coast
983,2000,437,61,Ivory Coast
984,2005,437,61,Ivory Coast
985,2010,437,61,Ivory Coast
986,1960,438,101,Guinea
987,1965,438,101,Guinea
988,1970,438,101,Guinea
989,1975,438,101,Guinea
990,1980,438,101,Guinea
991,1985,438,101,Guinea
992,1990,438,101,Guinea
993,1995,438,101,Guinea
994,2000,438,101,Guinea
995,2005,438,101,Guinea
996,2010,438,101,Guinea
997,1960,439,36,Burkina Faso
998,1965,439,36,Burkina Faso
999,1970,439,36,Burkina Faso
1000,1975,439,36,Burkina Faso
1001,1980,439,36,Burkina Faso
1002,1985,439,36,Burkina Faso
1003,1990,439,36,Burkina Faso
1004,1995,439,36,Burkina Faso
1005,2000,439,36,Burkina Faso
1006,2005,439,36,Burkina Faso
1007,2010,439,36,Burkina Faso
1008,1945,450,131,Liberia
1009,1950,450,131,Liberia
1010,1955,450,131,Liberia
1011,1960,450,131,Liberia
1012,1965,450,131,Liberia
1013,1970,450,131,Liberia
1014,1975,450,131,Liberia
1015,1980,450,131,Liberia
1016,1985,450,131,Liberia
1017,1990,450,131,Liberia
1018,1995,450,131,Liberia
1019,2000,450,131,Liberia
1020,2005,450,131,Liberia
1021,2010,450,131,Liberia
1022,1965,451,200,Sierra Leone
1023,1970,451,200,Sierra Leone
1024,1975,451,200,Sierra Leone
1025,1980,451,200,Sierra Leone
1026,1985,451,200,Sierra Leone
1027,1990,451,200,Sierra Leone
1028,1995,451,200,Sierra Leone
1029,2000,451,200,Sierra Leone
1030,2005,451,200,Sierra Leone
1031,2010,451,200,Sierra Leone
1032,1960,452,91,Ghana
1033,1965,452,91,Ghana
1034,1970,452,91,Ghana
1035,1975,452,91,Ghana
1036,1980,452,91,Ghana
1037,1985,452,91,Ghana
1038,1990,452,91,Ghana
1039,1995,452,91,Ghana
1040,2000,452,91,Ghana
1041,2005,452,91,Ghana
1042,2010,452,91,Ghana
1043,1960,461,221,Togo
1044,1965,461,221,Togo
1045,1970,461,221,Togo
1046,1975,461,221,Togo
1047,1980,461,221,Togo
1048,1985,461,221,Togo
1049,1990,461,221,Togo
1050,1995,461,221,Togo
1051,2000,461,221,Togo
1052,2005,461,221,Togo
1053,2010,461,221,Togo
1054,1960,471,40,Cameroon
1055,1965,471,40,Cameroon
1056,1970,471,40,Cameroon
1057,1975,471,40,Cameroon
1058,1980,471,40,Cameroon
1059,1985,471,40,Cameroon
1060,1990,471,40,Cameroon
1061,1995,471,40,Cameroon
1062,2000,471,40,Cameroon
1063,2005,471,40,Cameroon
1064,2010,471,40,Cameroon
1065,1960,475,166,Nigeria
1066,1965,475,166,Nigeria
1067,1970,475,166,Nigeria
1068,1975,475,166,Nigeria
1069,1980,475,166,Nigeria
1070,1985,475,166,Nigeria
1071,1990,475,166,Nigeria
1072,1995,475,166,Nigeria
1073,2000,475,166,Nigeria
1074,2005,475,166,Nigeria
1075,2010,475,166,Nigeria
1076,1960,481,86,Gabon
1077,1965,481,86,Gabon
1078,1970,481,86,Gabon
1079,1975,481,86,Gabon
1080,1980,481,86,Gabon
1081,1985,481,86,Gabon
1082,1990,481,86,Gabon
1083,1995,481,86,Gabon
1084,2000,481,86,Gabon
1085,2005,481,86,Gabon
1086,2010,481,86,Gabon
1087,1960,482,44,Central African Republic
1088,1965,482,44,Central African Republic
1089,1970,482,44,Central African Republic
1090,1975,482,44,Central African Republic
1091,1980,482,44,Central African Republic
1092,1985,482,44,Central African Republic
1093,1990,482,44,Central African Republic
1094,1995,482,44,Central African Republic
1095,2000,482,44,Central African Republic
1096,2005,482,44,Central African Republic
1097,2010,482,44,Central African Republic
1098,1960,483,45,Chad
1099,1965,483,45,Chad
1100,1970,483,45,Chad
1101,1975,483,45,Chad
1102,1980,483,45,Chad
1103,1985,483,45,Chad
1104,1990,483,45,Chad
1105,1995,483,45,Chad
1106,2000,483,45,Chad
1107,2005,483,45,Chad
1108,2010,483,45,Chad
1109,1960,484,58,Congo (Republic of)
1110,1965,484,58,Congo (Republic of)
1111,1970,484,58,Congo (Republic of)
1112,1975,484,58,Congo (Republic of)
1113,1980,484,58,Congo (Republic of)
1114,1985,484,58,Congo (Republic of)
1115,1990,484,58,Congo (Republic of)
1116,1995,484,58,Congo (Republic of)
1117,2000,484,58,Congo (Republic of)
1118,2005,484,58,Congo (Republic of)
1119,2010,484,58,Congo (Republic of)
1120,1960,490,57,Democratic Republic of the Congo
1121,1965,490,57,Democratic Republic of the Congo
1122,1970,490,57,Democratic Republic of the Congo
1123,1975,490,57,Democratic Republic of the Congo
1124,1980,490,57,Democratic Republic of the Congo
1125,1985,490,57,Democratic Republic of the Congo
1126,1990,490,57,Democratic Republic of the Congo
1127,1995,490,57,Democratic Republic of the Congo
1128,2000,490,57,Democratic Republic of the Congo
1129,2005,490,57,Democratic Republic of the Congo
1130,2010,490,57,Democratic Republic of the Congo
1131,1965,500,230,Uganda
1132,1970,500,230,Uganda
1133,1975,500,230,Uganda
1134,1980,500,230,Uganda
1135,1985,500,230,Uganda
1136,1990,500,230,Uganda
1137,1995,500,230,Uganda
1138,2000,500,230,Uganda
1139,2005,500,230,Uganda
1140,2010,500,230,Uganda
1141,1965,501,121,Kenya
1142,1970,501,121,Kenya
1143,1975,501,121,Kenya
1144,1980,501,121,Kenya
1145,1985,501,121,Kenya
1146,1990,501,121,Kenya
1147,1995,501,121,Kenya
1148,2000,501,121,Kenya
1149,2005,501,121,Kenya
1150,2010,501,121,Kenya
1151,1965,510,219,Tanzania
1152,1970,510,219,Tanzania
1153,1975,510,219,Tanzania
1154,1980,510,219,Tanzania
1155,1985,510,219,Tanzania
1156,1990,510,219,Tanzania
1157,1995,510,219,Tanzania
1158,2000,510,219,Tanzania
1159,2005,510,219,Tanzania
1160,2010,510,219,Tanzania
1161,1965,516,38,Burundi
1162,1970,516,38,Burundi
1163,1975,516,38,Burundi
1164,1980,516,38,Burundi
1165,1985,516,38,Burundi
1166,1990,516,38,Burundi
1167,1995,516,38,Burundi
1168,2000,516,38,Burundi
1169,2005,516,38,Burundi
1170,2010,516,38,Burundi
1171,1965,517,187,Rwanda
1172,1970,517,187,Rwanda
1173,1975,517,187,Rwanda
1174,1980,517,187,Rwanda
1175,1985,517,187,Rwanda
1176,1990,517,187,Rwanda
1177,1995,517,187,Rwanda
1178,2000,517,187,Rwanda
1179,2005,517,187,Rwanda
1180,2010,517,187,Rwanda
1181,1960,520,205,Somalia
1182,1965,520,205,Somalia
1183,1970,520,205,Somalia
1184,1975,520,205,Somalia
1185,1980,520,205,Somalia
1186,1985,520,205,Somalia
1187,1990,520,205,Somalia
1188,1995,520,205,Somalia
1189,2000,520,205,Somalia
1190,2005,520,205,Somalia
1191,2010,520,205,Somalia
1192,1980,522,68,Djibouti
1193,1985,522,68,Djibouti
1194,1990,522,68,Djibouti
1195,1995,522,68,Djibouti
1196,2000,522,68,Djibouti
1197,2005,522,68,Djibouti
1198,2010,522,68,Djibouti
1199,1945,530,78,Ethiopia
1200,1950,530,78,Ethiopia
1201,1955,530,78,Ethiopia
1202,1960,530,78,Ethiopia
1203,1965,530,78,Ethiopia
1204,1970,530,78,Ethiopia
1205,1975,530,78,Ethiopia
1206,1980,530,78,Ethiopia
1207,1985,530,78,Ethiopia
1208,1990,530,78,Ethiopia
1209,1995,530,78,Ethiopia
1210,2000,530,78,Ethiopia
1211,2005,530,78,Ethiopia
1212,2010,530,78,Ethiopia
1213,1995,531,76,Eritrea
1214,2000,531,76,Eritrea
1215,2005,531,76,Eritrea
1216,2010,531,76,Eritrea
1217,1975,540,7,Angola
1218,1980,540,7,Angola
1219,1985,540,7,Angola
1220,1990,540,7,Angola
1221,1995,540,7,Angola
1222,2000,540,7,Angola
1223,2005,540,7,Angola
1224,2010,540,7,Angola
1225,1975,541,156,Mozambique
1226,1980,541,156,Mozambique
1227,1985,541,156,Mozambique
1228,1990,541,156,Mozambique
1229,1995,541,156,Mozambique
1230,2000,541,156,Mozambique
1231,2005,541,156,Mozambique
1232,2010,541,156,Mozambique
1233,1965,551,245,Zambia
1234,1970,551,245,Zambia
1235,1975,551,245,Zambia
1236,1980,551,245,Zambia
1237,1985,551,245,Zambia
1238,1990,551,245,Zambia
1239,1995,551,245,Zambia
1240,2000,551,245,Zambia
1241,2005,551,245,Zambia
1242,2010,551,245,Zambia
1243,1965,552,246,Zimbabwe
1244,1970,552,246,Zimbabwe
1245,1975,552,246,Zimbabwe
1246,1980,552,246,Zimbabwe
1247,1985,552,246,Zimbabwe
1248,1990,552,246,Zimbabwe
1249,1995,552,246,Zimbabwe
1250,2000,552,246,Zimbabwe
1251,2005,552,246,Zimbabwe
1252,2010,552,246,Zimbabwe
1253,1965,553,138,Malawi
1254,1970,553,138,Malawi
1255,1975,553,138,Malawi
1256,1980,553,138,Malawi
1257,1985,553,138,Malawi
1258,1990,553,138,Malawi
1259,1995,553,138,Malawi
1260,2000,553,138,Malawi
1261,2005,553,138,Malawi
1262,2010,553,138,Malawi
1263,1945,560,207,South Africa
1264,1950,560,207,South Africa
1265,1955,560,207,South Africa
1266,1960,560,207,South Africa
1267,1965,560,207,South Africa
1268,1970,560,207,South Africa
1269,1975,560,207,South Africa
1270,1980,560,207,South Africa
1271,1985,560,207,South Africa
1272,1990,560,207,South Africa
1273,1995,560,207,South Africa
1274,2000,560,207,South Africa
1275,2005,560,207,South Africa
1276,2010,560,207,South Africa
1277,1990,565,157,Namibia
1278,1995,565,157,Namibia
1279,2000,565,157,Namibia
1280,2005,565,157,Namibia
1281,2010,565,157,Namibia
1282,1970,570,130,Lesotho
1283,1975,570,130,Lesotho
1284,1980,570,130,Lesotho
1285,1985,570,130,Lesotho
1286,1990,570,130,Lesotho
1287,1995,570,130,Lesotho
1288,2000,570,130,Lesotho
1289,2005,570,130,Lesotho
1290,2010,570,130,Lesotho
1291,1970,571,29,Botswana
1292,1975,571,29,Botswana
1293,1980,571,29,Botswana
1294,1985,571,29,Botswana
1295,1990,571,29,Botswana
1296,1995,571,29,Botswana
1297,2000,571,29,Botswana
1298,2005,571,29,Botswana
1299,2010,571,29,Botswana
1300,1970,572,214,Swaziland
1301,1975,572,214,Swaziland
1302,1980,572,214,Swaziland
1303,1985,572,214,Swaziland
1304,1990,572,214,Swaziland
1305,1995,572,214,Swaziland
1306,2000,572,214,Swaziland
1307,2005,572,214,Swaziland
1308,2010,572,214,Swaziland
1309,1960,580,137,Madagascar
1310,1965,580,137,Madagascar
1311,1970,580,137,Madagascar
1312,1975,580,137,Madagascar
1313,1980,580,137,Madagascar
1314,1985,580,137,Madagascar
1315,1990,580,137,Madagascar
1316,1995,580,137,Madagascar
1317,2000,580,137,Madagascar
1318,2005,580,137,Madagascar
1319,2010,580,137,Madagascar
1320,1975,581,56,Comoros
1321,1980,581,56,Comoros
1322,1985,581,56,Comoros
1323,1990,581,56,Comoros
1324,1995,581,56,Comoros
1325,2000,581,56,Comoros
1326,2005,581,56,Comoros
1327,2010,581,56,Comoros
1328,1970,590,147,Mauritius
1329,1975,590,147,Mauritius
1330,1980,590,147,Mauritius
1331,1985,590,147,Mauritius
1332,1990,590,147,Mauritius
1333,1995,590,147,Mauritius
1334,2000,590,147,Mauritius
1335,2005,590,147,Mauritius
1336,2010,590,147,Mauritius
1337,1980,591,199,Seychelles
1338,1985,591,199,Seychelles
1339,1990,591,199,Seychelles
1340,1995,591,199,Seychelles
1341,2000,591,199,Seychelles
1342,2005,591,199,Seychelles
1343,2010,591,199,Seychelles
1344,1955,600,155,Morocco
1345,1960,600,155,Morocco
1346,1965,600,155,Morocco
1347,1970,600,155,Morocco
1348,1975,600,155,Morocco
1349,1980,600,155,Morocco
1350,1985,600,155,Morocco
1351,1990,600,155,Morocco
1352,1995,600,155,Morocco
1353,2000,600,155,Morocco
1354,2005,600,155,Morocco
1355,2010,600,155,Morocco
1356,1965,615,4,Algeria
1357,1970,615,4,Algeria
1358,1975,615,4,Algeria
1359,1980,615,4,Algeria
1360,1985,615,4,Algeria
1361,1990,615,4,Algeria
1362,1995,615,4,Algeria
1363,2000,615,4,Algeria
1364,2005,615,4,Algeria
1365,2010,615,4,Algeria
1366,1955,616,225,Tunisia
1367,1960,616,225,Tunisia
1368,1965,616,225,Tunisia
1369,1970,616,225,Tunisia
1370,1975,616,225,Tunisia
1371,1980,616,225,Tunisia
1372,1985,616,225,Tunisia
1373,1990,616,225,Tunisia
1374,1995,616,225,Tunisia
1375,2000,616,225,Tunisia
1376,2005,616,225,Tunisia
1377,2010,616,225,Tunisia
1378,1950,620,132,Libya
1379,1955,620,132,Libya
1380,1960,620,132,Libya
1381,1965,620,132,Libya
1382,1970,620,132,Libya
1383,1975,620,132,Libya
1384,1980,620,132,Libya
1385,1985,620,132,Libya
1386,1990,620,132,Libya
1387,1995,620,132,Libya
1388,2000,620,132,Libya
1389,2005,620,132,Libya
1390,2010,620,132,Libya
1391,1960,625,211,Sudan
1392,1965,625,211,Sudan
1393,1970,625,211,Sudan
1394,1975,625,211,Sudan
1395,1980,625,211,Sudan
1396,1985,625,211,Sudan
1397,1990,625,211,Sudan
1398,1995,625,211,Sudan
1399,2000,625,211,Sudan
1400,2005,625,211,Sudan
1401,2010,625,211,Sudan
1402,1945,630,110,Iran
1403,1950,630,110,Iran
1404,1955,630,110,Iran
1405,1960,630,110,Iran
1406,1965,630,110,Iran
1407,1970,630,110,Iran
1408,1975,630,110,Iran
1409,1980,630,110,Iran
1410,1985,630,110,Iran
1411,1990,630,110,Iran
1412,1995,630,110,Iran
1413,2000,630,110,Iran
1414,2005,630,110,Iran
1415,2010,630,110,Iran
1416,1945,640,226,Turkey
1417,1950,640,226,Turkey
1418,1955,640,226,Turkey
1419,1960,640,226,Turkey
1420,1965,640,226,Turkey
1421,1970,640,226,Turkey
1422,1975,640,226,Turkey
1423,1980,640,226,Turkey
1424,1985,640,226,Turkey
1425,1990,640,226,Turkey
1426,1995,640,226,Turkey
1427,2000,640,226,Turkey
1428,2005,640,226,Turkey
1429,2010,640,226,Turkey
1430,1945,645,111,Iraq
1431,1950,645,111,Iraq
1432,1955,645,111,Iraq
1433,1960,645,111,Iraq
1434,1965,645,111,Iraq
1435,1970,645,111,Iraq
1436,1975,645,111,Iraq
1437,1980,645,111,Iraq
1438,1985,645,111,Iraq
1439,1990,645,111,Iraq
1440,1995,645,111,Iraq
1441,2000,645,111,Iraq
1442,2005,645,111,Iraq
1443,2010,645,111,Iraq
1444,1945,651,73,Egypt
1445,1950,651,73,Egypt
1446,1955,651,73,Egypt
1447,1960,651,73,Egypt
1448,1965,651,73,Egypt
1449,1970,651,73,Egypt
1450,1975,651,73,Egypt
1451,1980,651,73,Egypt
1452,1985,651,73,Egypt
1453,1990,651,73,Egypt
1454,1995,651,73,Egypt
1455,2000,651,73,Egypt
1456,2005,651,73,Egypt
1457,2010,651,73,Egypt
1458,1950,652,217,Syria
1459,1955,652,217,Syria
1460,1960,652,217,Syria
1461,1965,652,217,Syria
1462,1970,652,217,Syria
1463,1975,652,217,Syria
1464,1980,652,217,Syria
1465,1985,652,217,Syria
1466,1990,652,217,Syria
1467,1995,652,217,Syria
1468,2000,652,217,Syria
1469,2005,652,217,Syria
1470,2010,652,217,Syria
1471,1945,660,129,Lebanon
1472,1950,660,129,Lebanon
1473,1955,660,129,Lebanon
1474,1960,660,129,Lebanon
1475,1965,660,129,Lebanon
1476,1970,660,129,Lebanon
1477,1975,660,129,Lebanon
1478,1980,660,129,Lebanon
1479,1985,660,129,Lebanon
1480,1990,660,129,Lebanon
1481,1995,660,129,Lebanon
1482,2000,660,129,Lebanon
1483,2005,660,129,Lebanon
1484,2010,660,129,Lebanon
1485,1945,663,119,Jordan
1486,1950,663,119,Jordan
1487,1955,663,119,Jordan
1488,1960,663,119,Jordan
1489,1965,663,119,Jordan
1490,1970,663,119,Jordan
1491,1975,663,119,Jordan
1492,1980,663,119,Jordan
1493,1985,663,119,Jordan
1494,1990,663,119,Jordan
1495,1995,663,119,Jordan
1496,2000,663,119,Jordan
1497,2005,663,119,Jordan
1498,2010,663,119,Jordan
1499,1950,666,113,Israel
1500,1955,666,113,Israel
1501,1960,666,113,Israel
1502,1965,666,113,Israel
1503,1970,666,113,Israel
1504,1975,666,113,Israel
1505,1980,666,113,Israel
1506,1985,666,113,Israel
1507,1990,666,113,Israel
1508,1995,666,113,Israel
1509,2000,666,113,Israel
1510,2005,666,113,Israel
1511,2010,666,113,Israel
1512,1945,670,196,Saudi Arabia
1513,1950,670,196,Saudi Arabia
1514,1955,670,196,Saudi Arabia
1515,1960,670,196,Saudi Arabia
1516,1965,670,196,Saudi Arabia
1517,1970,670,196,Saudi Arabia
1518,1975,670,196,Saudi Arabia
1519,1980,670,196,Saudi Arabia
1520,1985,670,196,Saudi Arabia
1521,1990,670,196,Saudi Arabia
1522,1995,670,196,Saudi Arabia
1523,2000,670,196,Saudi Arabia
1524,2005,670,196,Saudi Arabia
1525,2010,670,196,Saudi Arabia
1526,1945,678,244,Yemen Arab Republic
1527,1950,678,244,Yemen Arab Republic
1528,1955,678,244,Yemen Arab Republic
1529,1960,678,244,Yemen Arab Republic
1530,1965,678,244,Yemen Arab Republic
1531,1970,678,244,Yemen Arab Republic
1532,1975,678,244,Yemen Arab Republic
1533,1980,678,244,Yemen Arab Republic
1534,1985,678,244,Yemen Arab Republic
1535,1990,678,244,Yemen Arab Republic
1536,1990,679,244,Yemen
1537,1995,679,244,Yemen
1538,2000,679,244,Yemen
1539,2005,679,244,Yemen
1540,2010,679,244,Yemen
1541,1970,680,244,People's Democratic Republic of Yemen
1542,1975,680,244,People's Democratic Republic of Yemen
1543,1980,680,244,People's Democratic Republic of Yemen
1544,1985,680,244,People's Democratic Republic of Yemen
1545,1990,680,244,People's Democratic Republic of Yemen
1546,1960,690,125,Kuwait
1547,1965,690,125,Kuwait
1548,1970,690,125,Kuwait
1549,1975,690,125,Kuwait
1550,1980,690,125,Kuwait
1551,1985,690,125,Kuwait
1552,1990,690,125,Kuwait
1553,1995,690,125,Kuwait
1554,2000,690,125,Kuwait
1555,2005,690,125,Kuwait
1556,2010,690,125,Kuwait
1557,1970,692,18,Bahrain
1558,1975,692,18,Bahrain
1559,1980,692,18,Bahrain
1560,1985,692,18,Bahrain
1561,1990,692,18,Bahrain
1562,1995,692,18,Bahrain
1563,2000,692,18,Bahrain
1564,2005,692,18,Bahrain
1565,2010,692,18,Bahrain
1566,1970,694,183,Qatar
1567,1975,694,183,Qatar
1568,1980,694,183,Qatar
1569,1985,694,183,Qatar
1570,1990,694,183,Qatar
1571,1995,694,183,Qatar
1572,2000,694,183,Qatar
1573,2005,694,183,Qatar
1574,2010,694,183,Qatar
1575,1970,696,232,United Arab Emirates
1576,1975,696,232,United Arab Emirates
1577,1980,696,232,United Arab Emirates
1578,1985,696,232,United Arab Emirates
1579,1990,696,232,United Arab Emirates
1580,1995,696,232,United Arab Emirates
1581,2000,696,232,United Arab Emirates
1582,2005,696,232,United Arab Emirates
1583,2010,696,232,United Arab Emirates
1584,1970,698,171,Oman
1585,1975,698,171,Oman
1586,1980,698,171,Oman
1587,1985,698,171,Oman
1588,1990,698,171,Oman
1589,1995,698,171,Oman
1590,2000,698,171,Oman
1591,2005,698,171,Oman
1592,2010,698,171,Oman
1593,1945,700,1,Afghanistan
1594,1950,700,1,Afghanistan
1595,1955,700,1,Afghanistan
1596,1960,700,1,Afghanistan
1597,1965,700,1,Afghanistan
1598,1970,700,1,Afghanistan
1599,1975,700,1,Afghanistan
1600,1980,700,1,Afghanistan
1601,1985,700,1,Afghanistan
1602,1990,700,1,Afghanistan
1603,1995,700,1,Afghanistan
1604,2000,700,1,Afghanistan
1605,2005,700,1,Afghanistan
1606,2010,700,1,Afghanistan
1607,1995,701,227,Turkmenistan
1608,2000,701,227,Turkmenistan
1609,2005,701,227,Turkmenistan
1610,2010,701,227,Turkmenistan
1611,1995,702,218,Tajikistan
1612,2000,702,218,Tajikistan
1613,2005,702,218,Tajikistan
1614,2010,702,218,Tajikistan
1615,1995,703,126,Kyrgyzstan
1616,2000,703,126,Kyrgyzstan
1617,2005,703,126,Kyrgyzstan
1618,2010,703,126,Kyrgyzstan
1619,1995,704,236,Uzbekistan
1620,2000,704,236,Uzbekistan
1621,2005,704,236,Uzbekistan
1622,2010,704,236,Uzbekistan
1623,1995,705,120,Kazakhstan
1624,2000,705,120,Kazakhstan
1625,2005,705,120,Kazakhstan
1626,2010,705,120,Kazakhstan
1627,1945,710,52,China
1628,1950,710,52,China
1629,1955,710,52,China
1630,1960,710,52,China
1631,1965,710,52,China
1632,1970,710,52,China
1633,1975,710,52,China
1634,1980,710,52,China
1635,1985,710,52,China
1636,1990,710,52,China
1637,1995,710,52,China
1638,2000,710,52,China
1639,2005,710,52,China
1640,2010,710,52,China
1641,1945,712,153,Mongolia
1642,1950,712,153,Mongolia
1643,1955,712,153,Mongolia
1644,1960,712,153,Mongolia
1645,1965,712,153,Mongolia
1646,1970,712,153,Mongolia
1647,1975,712,153,Mongolia
1648,1980,712,153,Mongolia
1649,1985,712,153,Mongolia
1650,1990,712,153,Mongolia
1651,1995,712,153,Mongolia
1652,2000,712,153,Mongolia
1653,2005,712,153,Mongolia
1654,2010,712,153,Mongolia
1655,1950,713,50,Taiwan
1656,1955,713,50,Taiwan
1657,1960,713,50,Taiwan
1658,1965,713,50,Taiwan
1659,1970,713,50,Taiwan
1660,1975,713,50,Taiwan
1661,1980,713,50,Taiwan
1662,1985,713,50,Taiwan
1663,1990,713,50,Taiwan
1664,1995,713,50,Taiwan
1665,2000,713,50,Taiwan
1666,2005,713,50,Taiwan
1667,2010,713,50,Taiwan
1668,1950,731,123,North Korea
1669,1955,731,123,North Korea
1670,1960,731,123,North Korea
1671,1965,731,123,North Korea
1672,1970,731,123,North Korea
1673,1975,731,123,North Korea
1674,1980,731,123,North Korea
1675,1985,731,123,North Korea
1676,1990,731,123,North Korea
1677,1995,731,123,North Korea
1678,2000,731,123,North Korea
1679,2005,731,123,North Korea
1680,2010,731,123,North Korea
1681,1950,732,124,South Korea
1682,1955,732,124,South Korea
1683,1960,732,124,South Korea
1684,1965,732,124,South Korea
1685,1970,732,124,South Korea
1686,1975,732,124,South Korea
1687,1980,732,124,South Korea
1688,1985,732,124,South Korea
1689,1990,732,124,South Korea
1690,1995,732,124,South Korea
1691,2000,732,124,South Korea
1692,2005,732,124,South Korea
1693,2010,732,124,South Korea
1694,1945,740,117,Japan
1695,1950,740,117,Japan
1696,1955,740,117,Japan
1697,1960,740,117,Japan
1698,1965,740,117,Japan
1699,1970,740,117,Japan
1700,1975,740,117,Japan
1701,1980,740,117,Japan
1702,1985,740,117,Japan
1703,1990,740,117,Japan
1704,1995,740,117,Japan
1705,2000,740,117,Japan
1706,2005,740,117,Japan
1707,2010,740,117,Japan
1708,1950,750,108,India
1709,1955,750,108,India
1710,1960,750,108,India
1711,1965,750,108,India
1712,1970,750,108,India
1713,1975,750,108,India
1714,1980,750,108,India
1715,1985,750,108,India
1716,1990,750,108,India
1717,1995,750,108,India
1718,2000,750,108,India
1719,2005,750,108,India
1720,2010,750,108,India
1721,1975,760,26,Bhutan
1722,1980,760,26,Bhutan
1723,1985,760,26,Bhutan
1724,1990,760,26,Bhutan
1725,1995,760,26,Bhutan
1726,2000,760,26,Bhutan
1727,2005,760,26,Bhutan
1728,2010,760,26,Bhutan
1729,1950,770,172,Pakistan
1730,1955,770,172,Pakistan
1731,1960,770,172,Pakistan
1732,1965,770,172,Pakistan
1733,1970,770,172,Pakistan
1734,1975,770,172,Pakistan
1735,1980,770,172,Pakistan
1736,1985,770,172,Pakistan
1737,1990,770,172,Pakistan
1738,1995,770,172,Pakistan
1739,2000,770,172,Pakistan
1740,2005,770,172,Pakistan
1741,2010,770,172,Pakistan
1742,1975,771,19,Bangladesh
1743,1980,771,19,Bangladesh
1744,1985,771,19,Bangladesh
1745,1990,771,19,Bangladesh
1746,1995,771,19,Bangladesh
1747,2000,771,19,Bangladesh
1748,2005,771,19,Bangladesh
1749,2010,771,19,Bangladesh
1750,1950,775,37,Myanmar
1751,1955,775,37,Myanmar
1752,1960,775,37,Myanmar
1753,1965,775,37,Myanmar
1754,1970,775,37,Myanmar
1755,1975,775,37,Myanmar
1756,1980,775,37,Myanmar
1757,1985,775,37,Myanmar
1758,1990,775,37,Myanmar
1759,1995,775,37,Myanmar
1760,2000,775,37,Myanmar
1761,2005,775,37,Myanmar
1762,2010,775,37,Myanmar
1763,1950,780,210,Sri Lanka
1764,1955,780,210,Sri Lanka
1765,1960,780,210,Sri Lanka
1766,1965,780,210,Sri Lanka
1767,1970,780,210,Sri Lanka
1768,1975,780,210,Sri Lanka
1769,1980,780,210,Sri Lanka
1770,1985,780,210,Sri Lanka
1771,1990,780,210,Sri Lanka
1772,1995,780,210,Sri Lanka
1773,2000,780,210,Sri Lanka
1774,2005,780,210,Sri Lanka
1775,2010,780,210,Sri Lanka
1776,1965,781,140,Maldives
1777,1970,781,140,Maldives
1778,1975,781,140,Maldives
1779,1980,781,140,Maldives
1780,1985,781,140,Maldives
1781,1990,781,140,Maldives
1782,1995,781,140,Maldives
1783,2000,781,140,Maldives
1784,2005,781,140,Maldives
1785,2010,781,140,Maldives
1786,1945,790,159,Nepal
1787,1950,790,159,Nepal
1788,1955,790,159,Nepal
1789,1960,790,159,Nepal
1790,1965,790,159,Nepal
1791,1970,790,159,Nepal
1792,1975,790,159,Nepal
1793,1980,790,159,Nepal
1794,1985,790,159,Nepal
1795,1990,790,159,Nepal
1796,1995,790,159,Nepal
1797,2000,790,159,Nepal
1798,2005,790,159,Nepal
1799,2010,790,159,Nepal
1800,1945,800,220,Thailand
1801,1950,800,220,Thailand
1802,1955,800,220,Thailand
1803,1960,800,220,Thailand
1804,1965,800,220,Thailand
1805,1970,800,220,Thailand
1806,1975,800,220,Thailand
1807,1980,800,220,Thailand
1808,1985,800,220,Thailand
1809,1990,800,220,Thailand
1810,1995,800,220,Thailand
1811,2000,800,220,Thailand
1812,2005,800,220,Thailand
1813,2010,800,220,Thailand
1814,1955,811,39,Cambodia
1815,1960,811,39,Cambodia
1816,1965,811,39,Cambodia
1817,1970,811,39,Cambodia
1818,1975,811,39,Cambodia
1819,1980,811,39,Cambodia
1820,1985,811,39,Cambodia
1821,1990,811,39,Cambodia
1822,1995,811,39,Cambodia
1823,2000,811,39,Cambodia
1824,2005,811,39,Cambodia
1825,2010,811,39,Cambodia
1826,1955,812,127,Laos
1827,1960,812,127,Laos
1828,1965,812,127,Laos
1829,1970,812,127,Laos
1830,1975,812,127,Laos
1831,1980,812,127,Laos
1832,1985,812,127,Laos
1833,1990,812,127,Laos
1834,1995,812,127,Laos
1835,2000,812,127,Laos
1836,2005,812,127,Laos
1837,2010,812,127,Laos
1838,1955,816,239,Vietnam
1839,1960,816,239,Vietnam
1840,1965,816,239,Vietnam
1841,1970,816,239,Vietnam
1842,1975,816,239,Vietnam
1843,1980,816,239,Vietnam
1844,1985,816,239,Vietnam
1845,1990,816,239,Vietnam
1846,1995,816,239,Vietnam
1847,"2,000",816,239,Vietnam
1848,"2,005",816,239,Vietnam
1849,"2,010",816,239,Vietnam
1850,1955,817,239,Republic of Vietnam
1851,1960,817,239,Republic of Vietnam
1852,1965,817,239,Republic of Vietnam
1853,1970,817,239,Republic of Vietnam
1854,1960,820,139,Malaysia
1855,1965,820,139,Malaysia
1856,1970,820,139,Malaysia
1857,1975,820,139,Malaysia
1858,1980,820,139,Malaysia
1859,1985,820,139,Malaysia
1860,1990,820,139,Malaysia
1861,1995,820,139,Malaysia
1862,2000,820,139,Malaysia
1863,2005,820,139,Malaysia
1864,2010,820,139,Malaysia
1865,1965,830,201,Singapore
1866,1970,830,201,Singapore
1867,1975,830,201,Singapore
1868,1980,830,201,Singapore
1869,1985,830,201,Singapore
1870,1990,830,201,Singapore
1871,1995,830,201,Singapore
1872,2000,830,201,Singapore
1873,2005,830,201,Singapore
1874,2010,830,201,Singapore
1875,1985,835,34,Brunei
1876,1990,835,34,Brunei
1877,1995,835,34,Brunei
1878,2000,835,34,Brunei
1879,2005,835,34,Brunei
1880,2010,835,34,Brunei
1881,1950,840,178,Philippines
1882,1955,840,178,Philippines
1883,1960,840,178,Philippines
1884,1965,840,178,Philippines
1885,1970,840,178,Philippines
1886,1975,840,178,Philippines
1887,1980,840,178,Philippines
1888,1985,840,178,Philippines
1889,1990,840,178,Philippines
1890,1995,840,178,Philippines
1891,2000,840,178,Philippines
1892,2005,840,178,Philippines
1893,2010,840,178,Philippines
1894,1950,850,109,Indonesia
1895,1955,850,109,Indonesia
1896,1960,850,109,Indonesia
1897,1965,850,109,Indonesia
1898,1970,850,109,Indonesia
1899,1975,850,109,Indonesia
1900,1990,850,109,Indonesia
1901,1995,850,109,Indonesia
1902,2000,850,109,Indonesia
1903,2005,850,109,Indonesia
1904,2010,850,109,Indonesia
1905,2005,860,71,East Timor
1906,2010,860,71,East Timor
1907,1945,900,14,Australia
1908,1950,900,14,Australia
1909,1955,900,14,Australia
1910,1960,900,14,Australia
1911,1965,900,14,Australia
1912,1970,900,14,Australia
1913,1975,900,14,Australia
1914,1980,900,14,Australia
1915,1985,900,14,Australia
1916,1990,900,14,Australia
1917,1995,900,14,Australia
1918,2000,900,14,Australia
1919,2005,900,14,Australia
1920,2010,900,14,Australia
1921,1975,910,175,Papua New Guinea
1922,1980,910,175,Papua New Guinea
1923,1985,910,175,Papua New Guinea
1924,1990,910,175,Papua New Guinea
1925,1995,910,175,Papua New Guinea
1926,2000,910,175,Papua New Guinea
1927,2005,910,175,Papua New Guinea
1928,2010,910,175,Papua New Guinea
1929,1945,920,163,New Zealand
1930,1950,920,163,New Zealand
1931,1955,920,163,New Zealand
1932,1960,920,163,New Zealand
1933,1965,920,163,New Zealand
1934,1970,920,163,New Zealand
1935,1975,920,163,New Zealand
1936,1980,920,163,New Zealand
1937,1985,920,163,New Zealand
1938,1990,920,163,New Zealand
1939,1995,920,163,New Zealand
1940,2000,920,163,New Zealand
1941,2005,920,163,New Zealand
1942,2010,920,163,New Zealand
1943,1985,935,237,Vanuatu
1944,1990,935,237,Vanuatu
1945,1995,935,237,Vanuatu
1946,2000,935,237,Vanuatu
1947,2005,935,237,Vanuatu
1948,2010,935,237,Vanuatu
1949,1980,940,204,Solomon Islands
1950,1985,940,204,Solomon Islands
1951,1990,940,204,Solomon Islands
1952,1995,940,204,Solomon Islands
1953,2000,940,204,Solomon Islands
1954,2005,940,204,Solomon Islands
1955,2010,940,204,Solomon Islands
1956,2000,946,122,Kiribati
1957,2005,946,122,Kiribati
1958,2010,946,122,Kiribati
1959,2000,947,229,Tuvalu
1960,2005,947,229,Tuvalu
1961,2010,947,229,Tuvalu
1962,1970,950,81,Fiji
1963,1975,950,81,Fiji
1964,1980,950,81,Fiji
1965,1985,950,81,Fiji
1966,1990,950,81,Fiji
1967,1995,950,81,Fiji
1968,2000,950,81,Fiji
1969,2005,950,81,Fiji
1970,2010,950,81,Fiji
1971,2000,955,223,Tonga
1972,2005,955,223,Tonga
1973,2010,955,223,Tonga
1974,2000,970,158,Nauru
1975,2005,970,158,Nauru
1976,2010,970,158,Nauru
1977,1995,983,144,Marshall Islands
1978,2000,983,144,Marshall Islands
1979,2005,983,144,Marshall Islands
1980,2010,983,144,Marshall Islands
1981,1995,986,173,Palau
1982,2000,986,173,Palau
1983,2005,986,173,Palau
1984,2010,986,173,Palau
1985,1995,987,150,Federated States of Micronesia
1986,2000,987,150,Federated States of Micronesia
1987,2005,987,150,Federated States of Micronesia
1988,2010,987,150,Federated States of Micronesia
1989,1980,990,193,Samoa
1990,1985,990,193,Samoa
1991,1990,990,193,Samoa
1992,1995,990,193,Samoa
1993,2000,990,193,Samoa
1994,2005,990,193,Samoa
1995,2010,990,193,Samoa
