"ctryName","ctryCode","iso2","year","internetSubPer100","internetUserPer100","internetServerPerMil","area","popDensity","telephonePer100","cellPer100","lifeExp","imr","gdppcPPP","pop","popUrbPct","unempYthMaleILO","unempYthTotILO","unempTotILO","lfpMale","lfpTot","secondaryEnroll","healthExpGDP","milExpGDP","secondExpPerStudent","homicidesPer100k","battleRelDeaths","milPersonnelOfLabor","migrantStockPctPop","refugeeAsylum","refugeeOrigin","icsrLow","icsrHigh","icsrMean","contig","dist","muslim.pop","muslimpct","fh_cl","fh_pr","fh_status","ccodecow","cname","fh_aor","fh_ep","fh_feb","fh_fog","fh_ipolity2","fh_pair","fh_polity2","fh_ppp","fh_rol","pctmusShia","shiapct","sunnipct","govt.reg.relig","govt.fav.relig","soc.reg.relig","pctpop0.14","pctpop15.24","pctpop25.54","pctpop55.64","pctpop65","n.attacks","n.kill","n.attacks.post11","n.kill.post11","religious.frac","ethnic.frac","language.frac","refugeesUnhcr"
"Afghanistan","AFG","AF",2014,0.0049097146,5.9,1.0229851987,652860,46.7966700365,0.3134656386,70.6613588506,60.9314146341,70.2,1883.7633205312,30551674,25.871,16.3999996185,17.5,8,81,49,54.3108406067,1.7168430892,6.3645343873,NA,6.5,8056,4.233012995,0.3200352196,16863,2556556,NA,NA,50,0,2285.35302734375,"29047000",99.8,6,6,3,700,"Afghanistan",5,3,6,2,"1.95861077308655",3,"",6,1,12.5,12.475,87.325,10,9,10,42,22.2,29.4,3.9,2.5,5412,13878,5412,13878,0.2717,0.7693,0.6141,16929
"Albania","ALB","AL",2014,5.75292813,60.1,23.7767057202,27400,105.7432846715,8.8615186034,116.15720813,77.5372439024,13.3,9960.9407258136,2897366,55.383,32,28.7000007629,16,74,62.9000015259,NA,2.8455264613,1.2956380503,NA,5,NA,0.6708151983,3.0588862902,93,10084,NA,NA,90,0,1694.97265625,"2601000",82.1,3,3,2,339,"Albania",8,8,13,6,"6.92157030105591",9,"",10,9,2.5,2.0525,80.0475,0,0.667,0,19.3,19.2,40,10.5,11.1,2,0,2,0,0.4719,0.2204,0.0399,321
"Algeria","DZA","DZ",2014,3.2646237162,16.5,1.9284229507,2381740,16.4619958518,7.9830251809,100.7877205464,71.0096585366,21.6,12892.9424926516,39208194,69.51,21,24,9.8000001907,76.1999969482,46.5,97.6072921753,4.9205610155,4.9514681193,NA,0.7,147,2.5516257766,0.65381965,94150,3662,NA,NA,200,0,3038.50146484375,"34780000",98.2,5,6,3,615,"Algeria",5,4,7,3,"2.78577065467834",7,"",4,5,0.5,0.491,97.709,8.611,9.333,10,28.4,17.4,42.8,6.2,5.2,668,1182,668,1182,0.0091,0.3394,0.4427,95965
"Angola","AGO","AO",2014,0.1037742009,19.1,4.969056331,1246700,17.222762493,1.0010889724,61.8732971125,51.8661707317,101.6,7488.0117598341,21471618,42.49,10.1000003815,10.6000003815,6.8000001907,77.8000030518,71.0999984741,31.5163898468,2.5323634103,4.9065355053,NA,10,NA,1.482759687,0.3344753453,23783,10297,0,0,0,0,5305.96875,"195000",1,5,6,3,540,"Angola",4,4,8,1,"2.78577065467834",3,"",6,4,0,0,1,0.556,0,6,43.2,20.5,29.3,4,2.9,3,6,3,6,0.6276,0.7867,0.787,43822
"Argentina","ARG","AR",2014,14.4375150406,59.9,54.2066358874,2736690,15.1446623476,23.3123260427,162.5274216632,76.1872926829,11.9,NA,41446246,91.452,17.2000007629,19.8999996185,7.5,81.8000030518,68.3000030518,107.2887573242,4.9097981705,0.7376565606,19.6394405365,5.5,NA,0.5533578951,3.5896491781,3362,388,0,0,0,0,12444.3740234375,"1000000",2.5,2,2,1,160,"Argentina",11,11,14,6,"8.57589054107666",13,"",14,11,7.5,0.1875,2.3125,0,9.333,0.667,24.9,15.7,38.9,9.1,11.4,11,0,11,0,0.2236,0.255,0.0618,4278
"Armenia","ARM","AM",2014,7.8755182986,46.3,41.2198391421,28470,104.550965929,19.4334679627,112.4206552114,74.5407560976,14,7526.8364191129,2976566,62.975,29.6000003815,33.0999984741,16.2000007629,75.8000030518,67.3000030518,NA,1.886065524,4.0955842908,17.7351398468,1.8,10,3.2624172851,10.9392420304,13732,12021,0,0,0,0,762.422790527344,"1000",0.1,4,5,2,371,"Armenia",6,5,8,3,"4.44009065628052",9,"",5,6,0.5,5e-04,0.0995,6.944,3.4,9,19.1,15.2,43.5,11.7,10.5,3,1,3,1,0.4576,0.1272,0.1291,13809
"Australia","AUS","AU",2014,25.0144018094,83,1351.7238436593,7682300,3.0107259545,44.3396230052,106.8434973672,82.1975609756,3.4,42834.0167597384,23129300,89.153,13,12.1999998093,5.6999998093,82.5999984741,76.5999984741,135.5354309082,5.9782603024,1.6322757445,17.9418907166,1.1,NA,0.465014901,21.3849526593,34503,28,100,250,175,0,13400.5654296875,"399000",1.9,1,1,1,900,"Australia",12,12,16,12,"10",15,"",15,15,7.5,0.1425,1.7575,0,2,4,18,13.3,41.8,11.8,15.1,8,3,8,3,0.8211,0.0929,0.3349,48062
"Austria","AUT","AT",2014,26.0737162226,80.6188,1271.6267042783,82409,102.8992343069,39.2459457726,156.2304116057,80.8902439024,3.2,44056.254416802,8479823,65.884,8.8999996185,9.1000003815,4.9000000954,81.5,76.0999984741,97.6903610229,8.3578960247,0.7538874569,30.545589447,0.9,NA,0.5086668926,15.6660852447,55598,10,100,150,125,0,2332.46557617188,"475000",5.7,1,1,1,305,"Austria",12,12,16,11,"10",15,"",15,15,0.5,0.0285,5.6715,1.389,5.6,9.333,13.6,11.6,42.9,12.7,19.2,14,1,14,1,0.4146,0.1068,0.1522,78343
"Azerbaijan","AZE","AZ",2014,17.0326831269,58.7,13.536201469,82658,113.9248590578,18.6739250984,107.613407242,70.6931463415,29.9,16593.1887600482,9416801,54.1,13.3000001907,14.8000001907,5.5,73.4000015259,70.6999969482,100.2785415649,1.159631247,4.680444027,NA,2.1,15,1.6925100595,2.9150687207,1380,10813,0,0,0,0,920.612731933594,"8795000",98.4,5,6,3,373,"Azerbaijan",2,1,4,2,"2.78577065467834",7,"",3,4,70,68.88,29.52,7.222,1.333,9.333,22.7,17.5,45.1,8.5,6.3,5,6,5,6,0.4899,0.2047,0.2054,1658
"Bahrain","BHR","BH",2014,13.1546175378,90,179.3154761905,760,1752.8565789474,21.8815001978,165.9088810671,76.6698780488,5.2,42444.2784449127,1332171,88.667,25.7000007629,27.8999996185,7.4000000954,88.4000015259,71.8000030518,95.5147476196,3.4204709208,3.7601432898,NA,0.5,NA,2.6336802501,25.201735819,294,275,NA,NA,12,0,994.048828125,"655000",81.2,6,6,3,692,"Bahrain",2,3,3,3,"1.95861077308655",6,"",2,1,70,56.84,24.36,3.889,6,4.667,19.7,15.9,56.2,5.5,2.7,83,8,83,8,0.5528,0.5021,0.4344,346
"Bangladesh","BGD","BD",2014,0.9722171011,6.5,0.8579737939,130170,1203.0034723823,0.6911767698,74.4296460827,70.6933902439,33.2,2853.4477401557,156594962,32.753,9,9.1999998093,4.3000001907,86.5999984741,73.5999984741,53.648891449,1.3141929175,1.1845212437,13.9342298508,2.7,NA,0.2846938387,0.7181747485,231145,9839,0,0,0,0,4580.39404296875,"148607000",90.4,4,3,2,771,"Bangladesh",7,9,9,5,"6.09441089630127",9,"",11,6,0.5,0.452,89.948,6.111,4.167,10,32.3,18.8,38,5.9,5,268,89,268,89,0.209,0.0454,0.0925,231154
"Belarus","BLR","BY",2014,29.764516851,54.17,44.7887921885,202910,46.6512246809,47.7584031427,118.7861760338,72.4707317073,3.7,17054.5583344525,9466000,75.877,12,12.1999998093,5.8000001907,70.1999969482,66.0999984741,105.1209335327,3.9661785226,1.3461388302,NA,5.1,NA,3.5191300354,11.4897576396,604,4444,0,0,0,0,2369.23071289062,"19000",0.2,6,7,3,370,"Belarus",1,0,3,1,"1.13145077228546",5,"",3,1,0.5,0.001,0.199,7.778,3,10,15.4,11.7,45.5,13.3,14.2,8,13,8,13,0.6116,0.3222,0.4666,690
"Belgium","BEL","BE",2014,34.3950763638,82.1702,854.0256501603,30280,369.3136393659,41.3923358473,110.9031799429,80.3853658537,3.5,40608.9720093428,11182817,97.776,24.1000003815,23.1000003815,8.3999996185,72.5,67.3000030518,107.2616119385,8.4791157133,1.0028788492,38.577331543,1.6,NA,0.7578773775,8.926966288,25633,78,NA,NA,440,0,3226.32666015625,"638000",6,1,1,1,211,"Belgium",12,12,15,12,"10",15,"",16,15,0.5,0.03,5.97,0.833,7.6,5.333,15.6,11.7,40.4,13.3,19,3,1,3,1,0.2127,0.5554,0.5409,37112
"Benin","BEN","BJ",2014,0.0457694764,4.9,2.1698113208,112760,91.5526250443,1.5444703982,93.2578219309,59.2875609756,56.2,1733.3093993644,10323474,43.086,1.5,1.7000000477,1,78.5999984741,73.6999969482,54.1641082764,2.4711028008,1.0352817914,NA,8.4,NA,0.2193725203,2.4399677049,194,305,0,0,0,0,4607.37060546875,"2259000",24.5,2,2,1,434,"Benin",12,8,15,8,"8.57589054107666",10,"",16,13,0.5,0.1225,24.3775,0,0,0.667,43.8,20.1,29.9,3.5,2.8,1,0,1,0,0.5544,0.7872,0.7905,302
"Bhutan","BTN","BT",2014,2.7165039452,29.9,14.3603133159,38117,19.7798095338,3.5128463937,72.1983110219,68.3023170732,29.7,7167.2058092346,753947,37.139,6.5,6.6999998093,2.0999999046,79.5,74.8000030518,77.7004470825,2.6524941564,NA,33.5503387451,1.7,NA,NA,5.6135877669,NA,31567,0,0,0,0,4362.53076171875,"7000",1,5,4,2,760,"Bhutan",3,8,8,7,"4.44009065628052",8,"",8,5,0.5,0.005,0.995,4.167,7.6,2,27.3,20.1,40.8,5.8,6,5,9,5,9,0.3787,0.605,0.6056,NA
"Bolivia","BOL","BO",2014,1.3283979309,39.5,12.5368731563,1083300,9.8506415582,8.1938394932,97.6994527326,67.2173658537,31.2,5934.3879777187,10671200,67.696,4.0999999046,4.9000000954,2.5999999046,82.3000030518,74.1999969482,80.0322494507,4.7546984214,1.4546899089,20.3264408112,12.1,NA,1.6509105903,1.435686998,748,601,0,0,0,0,12342.982421875,"2000",0.1,3,3,2,145,"Bolivia",10,11,14,7,"6.92157030105591",9,"",11,7,0.5,5e-04,0.0995,0,8.333,0.667,33.3,19.8,36.3,5.7,4.9,7,0,7,0,0.2085,0.7396,0.224,754
"Bosnia and Herzegovina","BIH","BA",2014,11.7587594831,67.9,35.8169934641,51000,75.0844509804,22.1054096733,91.0953078455,76.279902439,5.7,9387.3500313802,3829307,39.486,59.7999992371,60.4000015259,28.3999996185,67.0999984741,54.4000015259,NA,6.7422139408,1.1332182039,NA,1.3,NA,0.7181303988,0.722322227,6926,26811,NA,NA,330,0,1928.30212402344,"1564000",41.6,3,3,2,346,"Bosnia and Herzegovina",7,8,10,6,"6.92157030105591",10,"",11,10,0.5,0.208,41.392,0.556,6.6,3.333,13.7,12.7,46.7,13.7,13.3,11,4,11,4,0.6851,0.63,0.6751,6968
"Botswana","BWA","BW",2014,1.0682069165,15,12.2609122119,566730,3.5663261165,8.6171494955,160.6410527899,47.4056097561,36.3,15246.6087973119,2021144,56.938,28.7000007629,34.0999984741,18.3999996185,82.6999969482,78.9000015259,NA,3.0990593811,2.0186559935,NA,18.4,NA,1.0187439179,5.8312907719,2773,168,0,0,0,0,6576.06103515625,"8000",0.4,2,3,1,571,"Botswana",10,10,13,8,"7.74873065948486",11,"",10,12,0.5,0.002,0.398,0,1.833,0,32.9,21.6,37,4.4,4,0,0,0,0,0.5986,0.4102,0.411,2946
"Brazil","BRA","BR",2014,10.0771995478,51.6,70.0080184523,8358140,23.9720709392,22.4783810597,135.3050481023,73.8859512195,12.3,14555.0821953115,200361925,85.171,10.6999998093,13.6000003815,5.9000000954,85.3000030518,75,NA,4.6602398647,1.3998264124,21.5663700104,25.2,NA,0.6720188622,0.352454002,5196,986,0,0,0,0,10825.5751953125,"204000",0.1,2,2,1,140,"Brazil",10,11,15,8,"8.57589054107666",13,"",14,10,7.5,0.0075,0.0925,0.833,0,3.333,23.8,16.5,43.7,8.4,7.6,7,4,7,4,0.6054,0.5408,0.0468,9830
"Bulgaria","BGR","BG",2014,19.3353180276,53.0615,177.1642619312,108560,66.9225773766,26.8924176752,145.1876887302,74.4658536585,10.1,15695.0177942759,7265115,73.3,31.7999992371,29.7000007629,12.8999996185,71.5,67.6999969482,93.1109313965,4.5187025767,1.5383361911,22.2152004242,1.9,NA,1.4151550238,1.4501191857,4320,1880,0,0,0,0,1526.83056640625,"1002000",13.4,2,2,1,355,"Bulgaria",11,11,14,8,"8.57589054107666",11,"",15,11,12.5,1.675,11.725,5.278,7.033,10,14.2,10.1,42.4,14,19.3,9,8,9,8,0.5965,0.4021,0.3031,8880
"Burkina Faso","BFA","BF",2014,0.0765404383,4.4,0.6314580941,273600,61.8963413743,0.8114691849,66.3772829491,56.2750243902,64.1,1630.4444967272,16934839,28.186,6,4.9000000954,3.0999999046,90.8000030518,85.0999984741,28.3777809143,3.7455594024,1.2675341055,16.6334896088,8,NA,0.1488602892,6.7118142757,29234,1688,0,0,0,0,4511.7509765625,"9600000",58.9,3,5,2,439,"Burkina Faso",8,5,13,4,"5.26725053787231",8,"",8,7,0.5,0.2945,58.6055,0.833,0,4.333,45.4,20.1,29,3.1,2.5,1,1,1,1,0.5798,0.7377,0.7228,30025
"Burundi","BDI","BI",2014,0.004664192,1.3,0.5723552418,25680,395.7372274143,0.2091309528,24.9625880637,54.097195122,54.8,746.9601514274,10162532,11.472,9.8999996185,10.6999998093,6.9000000954,82.8000030518,83.5999984741,33.1023101807,4.3856913955,2.2410143468,33.0475387573,8,NA,1.0970357685,0.658200214,45490,72652,0,0,0,0,4168.7353515625,"184000",2.2,5,5,2,516,"Burundi",4,4,8,2,"3.61293053627014",6,"",6,4,2.5,0.055,2.145,0,0,0,45.7,19.3,28.6,3.9,2.5,58,124,58,124,0.5158,0.2951,0.2977,51535
"Cambodia","KHM","KH",2014,0.2157095173,6,2.9854620976,176520,85.7419499207,2.7812177056,133.8902393492,71.7475609756,32.5,2943.5246683519,15135169,20.319,0.6999999881,0.6999999881,0.3000000119,88,84.9000015259,NA,1.5412952533,1.5985005566,NA,6.5,14,2.2230563364,2.3378392837,68,13748,0,0,0,0,6577.49609375,"240000",1.6,5,6,3,811,"Cambodia",3,3,9,3,"2.78577065467834",6,"",3,2,0.5,0.008,1.592,3.889,8.667,2.667,31.6,20.5,38.9,5.1,4,4,1,4,1,0.0965,0.2105,0.2104,80
"Cameroon","CMR","CM",2014,0.0759415437,6.4,1.6652789342,472710,47.0774026359,3.590444289,70.3904685005,55.041804878,60.8,2739.3439448002,22253959,53.25,7,7.4000000954,4,77,71.1999969482,50.3778686523,1.7705230901,1.3280821604,19.7356491089,7.6,NA,0.2599706009,0.9530970271,114753,11442,0,0,0,0,4184.38525390625,"3598000",18,6,6,3,471,"Cameroon",3,2,7,2,"1.95861077308655",4,"",3,2,0.5,0.09,17.91,0.833,0,3.667,42.9,19.6,30.4,3.9,3.1,12,50,12,50,0.7338,0.8635,0.8898,123090
"Canada","CAN","CA",2014,33.2031927732,85.8,1211.5850566293,9093510,3.8658646661,48.0960217277,80.6100807397,81.4011219512,4.6,41898.8823594636,35154279,81.472,15.1999998093,13.8000001907,7.0999999046,81.5999984741,78.0999984741,103.4047470093,7.5806286438,1.0107378269,18.32213974,1.6,NA,0.3378665563,21.1800675389,160349,100,NA,NA,100,0,9254.029296875,"940000",2.8,1,1,1,20,"Canada",11,12,16,12,"10",16,"",16,15,0.5,0.014,2.786,1.389,4.633,6,15.5,12.7,41,13.5,17.3,19,1,19,1,0.6958,0.7124,0.5772,182497
"Central African Republic","CAF","CF",2014,0,3.5,0.212359312,622980,7.4102170214,0.017329457,29.4665754848,50.136804878,96.1,584.3759440422,4616417,39.5,11.3999996185,12.5,7.5999999046,85.5,79.1999969482,17.7918891907,1.9690777035,2.5974264298,NA,11.8,145,0.3727982603,1.85042441,14322,252865,0,0,0,0,3724.06713867188,"403000",8.9,5,5,2,482,"Central African Republic",4,7,8,2,"3.61293053627014",4,"",7,3,0.5,0.0445,8.8555,3.889,1.833,3.667,40.6,20.1,31.8,3.9,3.6,47,239,47,239,0.7916,0.8295,0.8334,16958
"Chad","TCD","TD",2014,0.1145313089,2.3,0.151388994,1259200,10.1852874841,0.2442279386,35.5643768254,51.1590731707,88.5,2021.5934708652,12825314,22.227,10.3000001907,10.8000001907,7,79.1999969482,71.9000015259,22.7940998077,1.3118197853,1.9873840092,20.8794803619,7.3,4,0.7355463041,3.3125011038,434479,48644,0,0,0,0,3214.42749023438,"6404000",55.7,6,7,3,483,"Chad",4,3,7,1,"1.13145077228546",3,"",1,2,0.5,0.2785,55.4215,6.389,5.4,5.667,44.7,20.6,27.8,3.9,3,30,411,30,411,0.6411,0.862,0.8635,434789
"Chile","CHL","CL",2014,12.9551295629,66.5,127.5530298768,743532,23.697309598,18.1799721085,134.2890529173,79.836804878,7.1,21714.0315564501,17619708,89.175,13.8999996185,16.1000003815,6,79.5999984741,67.4000015259,89.0106277466,3.6618278652,1.9611978285,18.0646591187,3.1,NA,1.2347190426,1.8681212961,1743,596,0,0,0,0,13413.08984375,"4000",0.1,1,1,1,155,"Chile",11,12,16,12,"10",15,"",15,15,0.5,5e-04,0.0995,0,6.933,2.667,20.7,16.3,43.2,9.9,9.9,38,2,38,2,0.3841,0.1861,0.1871,2164
"China","CHN","CN",2014,13.6340619491,45.8,7.0298383767,9388211,144.5834568482,19.2690132787,88.7083346182,75.3530243902,10.9,11524.567506563,1357380000,53.168,11.6999998093,10.1000003815,4.5999999046,84,77.3000030518,88.9779968262,3.1069067112,2.0532826503,NA,1,NA,0.3772811193,0.0512650398,301047,195137,NA,NA,300,0,6298.4443359375,"23308000",1.8,6,7,3,710,"China",3,0,4,2,"1.13145077228546",6,"",1,2,0.5,0.009,1.791,9.167,2,4.333,17.1,14.7,47.2,11.3,9.6,49,323,49,323,0.6643,0.1538,0.1327,301427
"Colombia","COL","CO",2014,9.2852267023,51.7,46.0453709381,1109500,43.5524155025,14.7790839277,104.0845438993,73.9788292683,14.5,12025.3853718442,48321405,75.883,16.2000007629,20.5,10.5,82.4000015259,70.8000030518,92.9564437866,5.1794140746,3.4357735051,17.0361309052,30.8,140,1.9351590308,0.2374797711,224,396635,0,0,0,0,11684.052734375,"14000",0.1,4,3,2,100,"Colombia",5,10,12,7,"6.09441089630127",10,"",10,7,0.5,5e-04,0.0995,2.222,8,8.333,25.3,18,41.6,8.3,6.7,836,736,836,736,0.1478,0.6014,0.0193,295
"Comoros","COM","KM",2014,0.1768907237,6.5,1.3606978747,1861,394.9043524987,3.1296051119,47.2842511467,60.8574878049,57.9,1399.7808484349,734917,28.104,10.3000001907,10.6999998093,6.5,80.5,58.2999992371,63.8734703064,1.8854468042,NA,NA,10,NA,NA,1.9799994437,NA,515,0,0,0,0,5009.9931640625,"679000",98.3,4,3,2,581,"Comoros",6,9,10,5,"6.09441089630127",6,"",11,8,0.5,0.4915,97.8085,9.444,6.733,10,41.3,18.8,31.9,4.1,3.8,0,0,0,0,0.0137,NA,0.0103,NA
"Congo, Dem. Rep.","ZAR","CD",2014,0,2.2,0.4325259516,2267050,29.7804093425,0,41.8165640719,49.9438536585,86.1,783.2592535785,67513677,41.461,13.8000001907,14.3000001907,8,73.5,72.4000015259,43.3397903442,1.8634125748,1.3103300553,9.648229599,28.3,1530,0.5030987699,0.7150083595,113362,499541,0,0,0,0,4753.19677734375,"60000",1.6,6,6,3,490,"Congo, Democratic Republic",3,3,7,2,"1.95861077308655",1,"",4,0,0.5,0.008,1.592,2.222,2.9,6,43.1,21.4,29.4,3.5,2.6,164,1439,164,1439,0.7021,0.8747,0.8705,114823
"Congo, Rep.","COG","CG",2014,0.0098479371,6.6,1.5354244352,341500,13.0238125915,0.3525246693,104.7695043115,58.77,35.6,5680.2299827443,4447632,64.531,10.1999998093,10.6999998093,6.5,74.0999984741,72,53.6631698608,3.1915060083,1.1125857339,NA,12.5,NA,0.664112049,3.4828046205,51037,11751,0,0,0,0,4749.80859375,"969000",1.4,5,6,3,484,"Congo",6,1,8,3,"2.78577065467834",6,"",3,2,0.5,0.007,1.393,0,0,1.667,41.1,17.7,34.2,4,3,1,2,1,2,0.6642,0.8747,0.6871,53688
"Costa Rica","CRI","CR",2014,9.7376197773,45.96,95.7877683273,51060,95.4204073639,19.8773810252,145.9716479283,79.921,8.4,13430.7432070712,4872166,74.956,14.5,18.2000007629,7.5999999046,84,67.8000030518,108.9186782837,7.397759708,NA,24.8204097748,8.5,NA,0.4174378263,10.4761027778,20569,462,0,0,0,0,12092.0361328125," <1,000",0.1,1,1,1,94,"Costa Rica",11,12,16,11,"10",13,"",15,13,0,0,0.1,1.389,8.1,4.333,23.5,17.5,43.8,8.3,7,0,0,0,0,0.241,0.2368,0.0489,21185
"Cote d'Ivoire","CIV","CI",2014,0.2770267856,2.6,2.7397260274,318000,63.8870628931,1.3395542823,95.446051961,50.7574146341,71.3,3107.4688875175,20316086,52.766,6.0999999046,5.6999998093,4,82,67.9000015259,39.0752296448,1.887293068,1.5034805222,NA,13.6,35,NA,12.6825380832,2980,85729,0,0,0,0,5212.95458984375,"7960000",36.9,5,5,2,437,"Cote d'Ivoire",5,5,8,4,"3.61293053627014",4,"",4,4,0.5,0.1845,36.7155,0.833,4.533,5.333,38.4,21,33,4.3,3.3,35,102,35,102,0.7551,0.8204,0.7842,3587
"Croatia","HRV","HR",2014,21.5372167002,66.7476,219.4431335536,55960,76.0489635454,36.7778131596,114.5095687032,77.1268292683,3.8,20048.9871590995,4255700,58.359,51.4000015259,51.5,17.7000007629,69.5,64,98.4280090332,5.8437154663,1.6535659654,NA,1.2,NA,1.052037374,15.8438591682,684,49760,0,0,0,0,2205.98291015625,"56000",1.3,2,1,1,344,"Croatia",12,12,14,9,"9.40305042266846",13,"",15,11,0.5,0.0065,1.2935,0,7.933,6,14.5,12.1,41.1,14.5,17.8,5,0,5,0,0.4447,0.369,0.0763,894
"Cuba","CUB","CU",2014,0.0475783465,25.7089320853,0.3552713385,106440,105.8401822623,10.9827511629,17.7149274133,79.2392682927,5,18796.1925231461,11265629,76.872,6.4000000954,6.9000000954,3.2000000477,79.8000030518,65.9000015259,92.0979995728,8.1897920536,3.288687881,52.1149482727,4.2,NA,1.4107537555,0.1352536234,384,7428,0,0,0,0,10989.9755859375,"10000",0.1,6,7,3,40,"Cuba",0,0,2,1,"1.13145077228546",6,"",0,2,0.5,5e-04,0.0995,7.778,0,0,16.3,13.6,47.1,10.4,12.6,1,1,1,1,0.5059,0.5908,NA,385
"Cyprus","CYP","CY",2014,19.9134043601,65.4548,607.1118820468,9240,123.5028138528,30.5922188358,96.3594253597,79.8043170732,2.8,27393.93980965,1141166,67.133,38.5999984741,36.9000015259,15.8000001907,79.5,73,95.2998504639,3.4451550458,2.0783218309,41.7431716919,2,NA,2.1124380352,13.9761797977,3883,10,0,0,0,0,328.732757568359,"200000",22.7,1,1,1,352,"Cyprus (1975-)",11,11,15,11,"10",14,"",16,15,0.5,0.1135,22.5865,0.833,6.6,0.667,15.7,15.3,46.9,10.8,11.2,11,0,11,0,0.3962,0.0939,0.3962,6534
"Czech Republic","CZE","CZ",2014,17.0090309494,74.1104,688.0916319576,77230,136.1423281108,18.697095559,127.7307827542,78.2780487805,2.9,28124.4644802821,10514272,73.06,18.6000003815,18.7999992371,6.9000000954,80.4000015259,72.6999969482,96.5520477295,6.0342680688,1.0291317733,25.1524791718,1,NA,0.4524853745,4.3252173631,3184,991,0,0,0,0,2571.67724609375,"4000",0.1,1,1,1,316,"Czech Republic",12,12,16,11,"10",15,"",15,14,0.5,5e-04,0.0995,0,4.7,2.667,14.9,10.6,43.6,13.4,17.5,5,1,5,1,0.6591,0.3222,0.3233,3296
"Denmark","DNK","DK",2014,40.158648295,94.6297,2082.889598864,42430,132.3340089559,37.2756222709,127.117671597,80.3024390244,2.9,42482.7324552521,5614932,87.324,14.1999998093,13,7,80.5,78,124.6592712402,9.0675104408,1.3556029947,30.1277103424,0.8,NA,0.5945580653,8.7192076404,13170,10,100,150,125,0,3070.32543945312,"226000",4.1,1,1,1,390,"Denmark",12,12,16,12,"10",15,"",16,15,2.5,0.1025,3.9975,0.833,8.1,3.333,17,13.1,39.2,12.4,18.4,3,0,3,0,0.2333,0.0819,0.1049,14809
"Djibouti","DJI","DJ",2014,2.0284512425,9.5,10.158013544,23180,37.6588438309,2.3697149377,27.9658667571,61.7869512195,57.4,2902.5462446953,872932,77.186,NA,NA,NA,70.5,54.5999984741,47.7212295532,5.3258126978,NA,NA,10.1,NA,4.3028116133,13.6860998806,20015,762,0,0,0,0,2422.43505859375,"853000",97,5,6,3,522,"Djibouti",3,3,7,3,"2.78577065467834",6,"",3,4,0.5,0.485,96.515,1.667,3.733,9.333,32.9,22,36.9,4.6,3.5,0,0,0,0,0.0435,0.7962,0.6558,23810
"Dominican Republic","DOM","DO",2014,4.6467042063,45.9,27.9228796657,48320,215.3096233444,11.2560159735,88.4335001544,73.4509512195,23.6,11795.4705790204,10403761,77.082,21.8999996185,29.8999996185,14.8999996185,82.6999969482,69.1999969482,75.9074401855,2.8160651424,0.606085796,8.4569301605,22.1,NA,1.294321768,4.3361465746,721,306,0,0,0,0,10298.6669921875,"2000",0.1,2,2,1,42,"Dominican Republic",10,10,15,9,"8.57589054107666",11,"",12,8,0.5,5e-04,0.0995,0,8,0,28,18.5,39.3,7.2,7,1,0,1,0,0.3118,0.4294,0.0395,1545
"Ecuador","ECU","EC",2014,6.3723393967,40.3536842279,34.2864293312,248360,63.3672008375,15.2166067115,111.4620026919,76.4650731707,19.1,10540.6573666533,15737878,63.298,8.1000003815,10.1000003815,4.1999998093,85.5,71.5999984741,103.2841567993,2.867810732,2.9669953575,18.9917297363,12.4,NA,0.7799910341,2.6240857987,123133,707,0,0,0,0,12312.4052734375,"2000",0.1,3,3,2,130,"Ecuador",7,7,13,6,"6.92157030105591",10,"",11,6,0.5,5e-04,0.0995,0.833,0,0,28.5,18.6,38.9,7.1,6.9,7,1,7,1,0.1417,0.655,0.1308,134792
"Egypt, Arab Rep.","EGY","EG",2014,3.2597673273,49.56,5.1446868217,995450,82.4314410568,8.312445865,121.5078930245,71.1329268293,18.6,10733.4887228128,82056378,43.025,25.7999992371,38.9000015259,12.6999998093,79.0999984741,52.7000007629,86.3003692627,2.0586271036,1.6675982433,NA,3.4,NA,3.0116675353,0.3134316879,230086,12834,NA,NA,360,0,614.063049316406,"80024000",94.7,5,5,2,651,"Egypt",5,3,7,3,"3.61293053627014",7,"",9,4,0.5,0.4735,94.2265,8.611,7.933,6,32.1,17.8,38.4,6.7,5,392,335,392,335,0.1979,0.1836,0.0237,253245
"El Salvador","SLV","SV",2014,4.4529776574,23.1093,21.1466165414,20720,306.0064671815,14.9781387894,136.1874402054,72.3389268293,13.5,7515.0826563776,6340454,65.775,12.8000001907,12.1000003815,6.3000001907,82.1999969482,65.5,70.1983413696,4.6322919074,1.096495748,11.3059301376,41.2,NA,1.17133387,0.6484840054,44,9638,0,0,0,0,12228.7314453125,"2000",0.1,3,2,1,92,"El Salvador",8,12,15,9,"7.74873065948486",10,"",14,9,0.5,5e-04,0.0995,0,2,0,28.1,20.8,37.5,6.6,6.9,0,0,0,0,0.3559,0.1978,NA,49
"Equatorial Guinea","GNQ","GQ",2014,0.4647205996,16.4,3.8560411311,28050,26.9880213904,1.964692859,67.4733888673,53.1145609756,69.3,32685.0623108539,757014,39.603,12,12.5,8,94,88.1999969482,NA,2.6983517892,NA,NA,19.3,NA,0.329048228,1.0697145943,NA,200,0,0,0,0,4371.75732421875,"28000",4.1,7,7,3,411,"Equatorial Guinea",0,0,4,0,"0.304290890693665",3,"",1,0,0.5,0.0205,4.0795,0.833,5.733,0,40.8,19.5,31.5,4.2,4,1,1,1,1,0.1195,0.3467,0.322,NA
"Eritrea","ERI","ER",2014,0.0023053354,0.9,NA,101000,62.7043069307,0.977951678,5.6029754616,62.7546341463,36.1,1157.3215429849,6333135,21.765,10.3000001907,10.8000001907,7.1999998093,90.5999984741,86.4000015259,NA,1.3782662613,NA,NA,7.1,NA,6.6085290806,0.2871197262,3166,308022,0,0,0,0,2038.37219238281,"1909000",36.5,7,7,3,531,"Eritrea",0,0,0,1,"0.304290890693665",2,"",0,0,0.5,0.1825,36.3175,9.167,4.267,7.333,40.8,20.2,31.5,3.8,3.7,7,40,7,40,0.4253,0.6524,0.653,3169
"Estonia","EST","EE",2014,26.5375594969,80.0043,926.9406392694,42390,31.0921679641,33.1318445276,159.6607033127,76.4243902439,2.7,25253.7672011471,1317997,67.721,17.3999996185,18.2999992371,8.8000001907,78.9000015259,75.3000030518,107.0622406006,4.4572105027,1.9264840865,27.4906997681,5,NA,0.8359453597,13.7038998104,70,352,0,0,0,0,3007.7734375,"2000",0.1,1,1,1,366,"Estonia",12,12,16,12,"10",14,"",15,14,0.5,5e-04,0.0995,0,2,2.667,15.6,11.2,41.5,13.2,18.6,1,1,1,1,0.4985,0.5062,0.4944,95
"Ethiopia","ETH","ET",2014,0.2529915913,1.9,0.2279651006,1e+06,94.100756,0.8091858476,27.2546853928,63.6173414634,44.4,1335.7322752293,94100756,18.59,4.4000000954,8,5.6999998093,90.1999969482,85.5999984741,NA,3.0859891261,0.8095543671,10.3975200653,12,73,0.305676438,0.6291776015,433936,77118,0,0,0,0,2733.47705078125,"28721000",33.8,6,6,3,530,"Ethiopia (1993-)",0,1,3,4,"1.95861077308655",5,"",2,3,0.5,0.169,33.631,2.222,5.6,6,44.2,19.9,29.2,3.9,2.8,39,308,39,308,0.6249,0.7235,0.8073,434870
"Fiji","FJI","FJ",2014,1.2402036172,37.1,41.7136414882,18270,48.2246852764,7.9704675591,105.6001543586,69.923,20,7501.810430476,881065,52.976,15.6000003815,19.2000007629,8.1000003815,74.3000030518,57.2000007629,88.2506713867,2.7845794198,1.4030879345,5.7548599243,4,NA,1.0152608205,2.1536001599,5,1112,0,0,0,0,15164.94921875,"54000",6.3,4,6,2,950,"Fiji",3,0,11,2,"3.61293053627014",10,"",5,6,0.5,0.0315,6.2685,1.667,0,8.667,28.2,17.1,41.1,7.8,5.8,0,0,0,0,0.5682,0.5479,0.5479,14
"Finland","FIN","FI",2014,30.8256622394,91.5144,1794.1338221815,303890,17.8978314522,13.8620572347,171.5710620249,80.8317073171,2.1,38820.8218247281,5438972,83.952,21.5,19.6000003815,8.1999998093,77.5,75.5,107.6755828857,7.0754692597,1.2198210995,36.1960792542,1.6,NA,0.9199337501,4.207182374,11252,8,50,70,60,0,3077.13452148438,"42000",0.8,1,1,1,375,"Finland",12,12,16,12,"10",16,"",16,16,0.5,0.004,0.796,0,6.267,2.667,15.8,12.1,38.1,14.2,19.8,2,9,2,9,0.2531,0.1315,0.1412,12784
"France","FRA","FR",2014,38.7921970133,81.9198,683.240974225,547561,120.424694235,60.7858484074,98.4954724809,81.9682926829,3.5,37216.8018998205,65939866,79.055,22.7000007629,23.7000007629,10.3999996185,75.3000030518,70.9000015259,109.7092895508,9.04231211,2.1812595715,27.9523391724,1,NA,1.0562852405,10.2807120579,232487,98,NA,NA,1200,0,3280.6923828125,"4704000",7.5,1,1,1,220,"France (1963-)",12,12,15,11,"10",15,"",15,15,2.5,0.1875,7.3125,1.667,6.133,6,18.7,11.9,38.6,12.5,18.3,156,12,156,12,0.4029,0.1032,0.1221,284219
"Gabon","GAB","GA",2014,0.5323886724,9.2,10.520163647,257670,6.4877983467,1.1516344631,214.7500375364,63.441,39.1,18646.3698144321,1671711,86.658,30.6000003815,35.2000007629,19.6000003815,67.1999969482,62.5,NA,2.0734758165,1.3184790277,NA,9.1,NA,1.0714874004,18.2574851146,1594,177,0,0,0,0,4634.50830078125,"145000",9.7,5,6,3,481,"Gabon",4,2,10,3,"2.78577065467834",5,"",4,6,0.5,0.0485,9.6515,1.389,0,0,42.1,20.3,29.7,4.2,3.8,0,0,0,0,0.6674,0.769,0.7821,4030
"Gambia, The","GMB","GM",2014,0.0236848295,14,5.7621791514,10120,182.7356719368,3.4713957016,99.9766936951,58.8313414634,49.4,1608.1279989588,1849285,58.373,10.1999998093,10.6999998093,7,82.8000030518,77.5999984741,57.4879417419,3.5742813313,NA,13.1397399902,10.2,NA,0.1033575707,17.2615194212,9563,3434,0,0,0,0,5777.05322265625,"1669000",95.3,6,6,3,420,"Gambia",4,2,5,0,"1.95861077308655",6,"",5,1,0.5,0.4765,94.8235,0,2.367,5,38.7,21,33,4,3.3,0,0,0,0,0.097,0.7864,0.8076,9563
"Georgia","GEO","GE",2014,10.7892266457,43.1,37.3351218422,69490,78.3249938766,27.6506572953,115.02510427,74.0795121951,11.7,6930.2913801529,4487200,53.309,28.7999992371,31,14.3000001907,78.8000030518,69.3000030518,100.6245269775,2.0305524575,2.7414247025,NA,4.3,NA,1.3508198036,3.7564902982,847,6772,0,0,0,0,933.668640136719,"442000",10.5,3,3,2,372,"Georgia",7,7,12,7,"6.92157030105591",10,"",10,7,20,2.1,8.4,1.667,7.433,7.333,17.6,14,40.9,12.2,15.3,76,31,76,31,0.6543,0.4923,0.4749,1187
"Germany","DEU","DE",2014,34.5613793073,83.9614,1427.781230578,348540,231.3991880415,58.8685920782,120.9211650914,81.043902439,3.2,42883.6868079517,80651873,74.89,8.5,7.8000001907,5.3000001907,82.6999969482,77.4000015259,101.2664031982,8.6775642899,1.307679713,24.1057491302,0.8,NA,0.4324054531,13.1553740156,187567,175,500,600,550,0,3093.48559570312,"4119000",5,1,1,1,255,"Germany",12,12,15,12,"10",15,"",15,15,12.5,0.625,4.375,2.222,7.267,8,13,10.6,41.7,13.6,21.1,24,2,24,2,0.6571,0.1682,0.1642,323148
"Ghana","GHA","GH",2014,0.2655706141,12.3,3.7440435671,227540,113.8463478949,1.0439150609,108.1911481506,61.0986341463,52.3,3864.0307887795,25904598,52.735,7.4000000954,8.6999998093,4.5999999046,72,70.4000015259,67.1334609985,3.2669006753,0.530536738,25.7302093506,6.1,NA,0.1402921752,7.6322860156,18681,21378,0,0,0,0,4891.21240234375,"3906000",16.1,2,1,1,452,"Ghana",11,12,14,10,"9.40305042266846",10,"",15,12,0.5,0.0805,16.0195,0,0,0,38.6,18.7,33.8,4.8,4.1,0,0,0,0,0.7987,0.6733,0.6731,20517
"Greece","GRC","GR",2014,26.1509401069,59.8663,146.5118388823,128900,85.5511947246,47.9198938892,116.820647754,80.6341463415,3.7,24305.0596068933,11027549,77.343,53.5999984741,58.4000015259,27.2999992371,77.5,68.0999984741,108.5460662842,6.8276248375,2.4512157555,NA,1.7,NA,2.9747294784,10.1564412244,3485,92,0,0,0,0,1240.67712402344,"527000",4.7,2,2,1,350,"Greece",11,12,14,8,"8.57589054107666",13,"",15,10,12.5,0.5875,4.1125,2.5,7.933,8,14.1,9.8,43.2,12.7,20.2,341,7,341,7,0.153,0.1576,0.03,53315
"Guatemala","GTM","GT",2014,2.3090982191,19.7,17.7175283733,107160,144.3467991788,12.0443984346,140.3935350473,71.9928292683,25.8,7062.5306748217,15468203,50.661,3,4.8000001907,2.7999999523,90.0999984741,69.6999969482,65.283782959,2.4362181693,0.4821728684,5.1152300835,39.9,NA,0.6780701067,0.4145778679,160,6615,0,0,0,0,12258.068359375,"1000",0.1,4,3,2,90,"Guatemala",7,9,12,5,"6.09441089630127",8,"",10,6,0.5,5e-04,0.0995,0,0.667,0,36.2,22.1,32.4,5.2,4.2,11,11,11,11,0.3753,0.5122,0.4586,175
"Guinea","GIN","GN",2014,0.0068112995,1.6,0.3321155762,245720,47.7990761843,0,63.3150390343,56.0916585366,64.9,1212.888132833,11745189,36.209,2,1.5,1.7999999523,79.5,73.3000030518,38.1347618103,1.6827288779,NA,9.8918800354,8.9,NA,0.2521373767,3.6277657488,8560,14594,0,0,0,0,5935.603515625,"8693000",84.2,5,5,2,438,"Guinea",6,5,9,2,"3.61293053627014",5,"",8,4,0.5,0.421,83.779,0,3.4,0.667,42,19.5,30.4,4.4,3.6,2,0,2,0,0.2649,0.7389,0.7725,8875
"Guinea-Bissau","GNB","GW",2014,0,3.1,1.1454753723,28120,60.6065078236,0.2933833259,74.0910251107,54.2717073171,77.9,1361.891819996,1704255,47.747,10.8999996185,11.3000001907,7.0999999046,79.5999984741,74.5999984741,NA,1.1149132026,1.7292343771,NA,8.4,NA,0.8819608245,1.2128897584,8535,1236,0,0,0,0,5782.4609375,"705000",42.8,5,6,3,404,"Guinea-Bissau",5,2,10,0,"2.78577065467834",5,"",5,3,0.5,0.214,42.586,0,0,0,39.8,20.2,32.1,4.7,3.3,3,13,3,13,0.6128,0.8082,0.8141,8644
"Guyana","GUY","GY",2014,4.6147323768,33,9.9502487562,196850,4.0620421641,19.6101113914,69.4129535163,66.207902439,29.9,6335.950199848,799613,28.382,20.1000003815,23.8999996185,11.1000003815,82.5,63.7999992371,100.9764633179,4.3,1.1049777734,9.8297901154,17,NA,0.3505249908,1.4754632209,11,800,0,0,0,0,10014.9970703125,"55000",7.2,3,2,1,110,"Guyana",9,11,15,7,"7.74873065948486",9,"",13,7,0.5,0.036,7.164,0,0,0,29,21,37.2,7.5,5.3,5,29,5,29,0.7876,0.6195,0.0688,11
"Haiti","HTI","HT",2014,NA,10.6,1.7206767995,27560,374.3636066763,0.3973845891,69.3988569475,63.0588536585,54.7,1648.3991533882,10317461,56.168,14.6999998093,17.3999996185,7,71.8000030518,67.1999969482,NA,0.7,NA,NA,10.2,NA,0.0027175532,0.3533203993,NA,38660,0,0,0,0,10509.861328125,"2000",0.1,5,4,2,41,"Haiti",5,5,10,5,"4.44009065628052",5,"",9,4,0.5,5e-04,0.0995,0,0,1,34,21.6,35.3,5,4.1,3,3,3,3,0.4704,0.095,NA,13
"Honduras","HND","HN",2014,0.8519839243,17.8,11.0156155429,111890,72.3718652248,7.6453303708,95.919168533,73.8030487805,18.9,4445.2710541232,8097688,53.537,5.6999998093,7.6999998093,4.1999998093,84.5999984741,64.5,70.9721221924,4.2828659251,1.2395721424,NA,90.4,NA,0.6091976045,0.3194245949,16,3301,0,0,0,0,12045.0400390625,"11000",0.1,4,4,2,91,"Honduras",6,6,11,4,"5.26725053787231",9,"",8,7,0.5,5e-04,0.0995,0,0,0,34.8,21.2,35.3,4.7,4,11,9,11,9,0.2357,0.1867,0.0553,38
"Hong Kong SAR, China","HKG","HK",2014,30.8210375694,74.2,791.1829740188,1050,6845.2380952381,63.1112229651,237.3518775275,83.8317073171,NA,51508.8633933289,7187500,100,10.6000003815,9.1000003815,3.2999999523,78.6999969482,68.8000030518,99.3034362793,NA,NA,18.9573497772,0.4,NA,NA,39.0336266052,126,25,0,0,0,0,6851.46728515625,"91000",1.3,NA,NA,NA,NA,NA,NA,NA,NA,NA,NA,NA,NA,NA,NA,0,0,1.3,0,2.333,0,12.1,11.5,46.9,14.8,14.7,1,0,1,0,0.4191,0.062,0.2128,1997
"Hungary","HUN","HU",2014,24.8884749794,72.6439,300.506585613,90530,109.2886225561,29.9149738808,116.42787235,75.2682926829,5.2,22706.6118964343,9893899,70.306,26.1000003815,27,10.1999998093,70.4000015259,64.3000030518,101.6188201904,5.1159919586,0.9079864917,20.9482707977,1.3,NA,0.8786840827,3.6807515343,2440,1220,0,0,0,0,2126.6328125,"25000",0.3,2,1,1,310,"Hungary",12,12,15,9,"9.40305042266846",14,"",15,11,0.5,0.0015,0.2985,0,2.833,2,14.8,11.7,41.6,14,17.8,3,2,3,2,0.5244,0.1522,0.0297,4326
"India","IND","IN",2014,1.1609501885,15.1,5.6596091848,2973190,421.1434842711,2.3186691079,70.7831816701,66.4562439024,41.4,5243.9570597126,1252139596,31.994,10.3000001907,10.5,3.5999999046,82.5,56.4000015259,68.5097808838,1.2782920355,2.4477622675,15.528960228,3.5,395,0.5713829104,0.4508875967,188395,11042,0,0,0,0,3158.91723632812,"177286000",14.6,3,2,1,750,"India",11,11,13,9,"7.74873065948486",10,"",14,8,12.5,1.825,12.775,4.722,6.2,10,28.5,18.1,40.6,7,5.8,4115,4929,4115,4929,0.326,0.4182,0.8069,192070
"Indonesia","IDN","ID",2014,1.3014194817,15.82,6.2734363875,1811570,137.9276710257,12.295669027,125.358142593,70.8174390244,24.5,9254.4221797039,249865631,52.252,21.2000007629,21.6000003815,6.3000001907,86.3000030518,70,82.5389328003,1.1962793232,0.9022924942,10.6923599243,0.6,NA,0.5623936331,0.0510677227,3206,14786,0,0,0,0,7891.08544921875,"204847000",88.1,3,2,1,850,"Indonesia",9,11,12,6,"7.74873065948486",9,"",13,5,0.5,0.4405,87.6595,6.389,7.933,10,26.2,17.1,42.3,7.9,6.5,139,77,139,77,0.234,0.7351,0.768,10316
"Iran, Islamic Rep.","IRN","IR",2014,5.618284196,31.4,2.1282018606,1628550,47.5559043321,38.333949151,84.2461005159,74.0687560976,14.4,15090.0472200748,77447168,72.32,26.3999996185,29.7000007629,13.1999998093,76.6999969482,47.2000007629,86.2766876221,2.7284206157,2.1140322731,15.8587903976,4.1,190,2.1155829784,2.8587414031,857354,75043,0,0,0,1,692.38525390625,"74819000",99.7,6,6,3,630,"Iran",1,2,2,2,"1.95861077308655",4,"",2,3,92.5,92.2225,7.47750000000001,10,8.333,10,23.7,18.7,46.1,6.3,5.2,90,380,90,380,0.1152,0.6684,0.7462,857401
"Ireland","IRL","IE",2014,24.2383632512,78.2477,768.6519028166,68890,66.7376687473,43.9679476,102.7556350281,81.043902439,3.2,44647.2359111421,4597558,62.667,29.7000007629,26.7000007629,13.1000003815,76.9000015259,69.6999969482,119.1193313599,6.037592871,0.5154720592,28.9435195923,1.2,NA,0.4288184332,19.7061284101,6001,9,NA,NA,30,0,4001.89770507812,"43000",0.9,1,1,1,205,"Ireland",12,12,16,11,"10",15,"",16,15,0.5,0.0045,0.8955,0,1.833,1.667,21.4,11.9,44.1,10.1,12.4,70,2,70,2,0.155,0.1206,0.0312,11508
"Israel","ISR","IL",2014,25.901496209,70.8,255.8168013715,21640,372.4353049908,37.5009181259,122.8478352401,82.056097561,3.2,30926.8490945208,8059500,92.012,10.6000003815,10.6999998093,6.3000001907,75.8000030518,71.3000030518,101.3570022583,4.2799443508,5.6451766644,15.4760198593,1.8,64,4.9967879726,38.5709376148,48325,1043,NA,NA,60,1,214.219329833984,"1287000",17.7,2,1,1,666,"Israel",11,12,12,10,"9.40305042266846",11,"",14,11,0.5,0.0885,17.6115,3.889,7.533,10,27.1,15.7,37.8,8.8,10.7,465,140,465,140,0.3469,0.3436,0.5525,52961
"Italy","ITA","IT",2014,22.2955750799,58.4593,253.5246309504,294140,204.7798599306,34.5924531545,158.8172931236,82.2902439024,3,33923.5598171182,60233948,68.686,38.7000007629,39.7000007629,12.1999998093,74.0999984741,63.9000015259,99.1850585938,7.0937379289,1.5189906258,23.3921394348,0.9,NA,1.41436767,7.5297022473,78061,66,NA,NA,80,0,2285.74731445312,"1583000",2.6,1,2,1,325,"Italy",12,11,15,9,"9.40305042266846",14,"",15,12,2.5,0.065,2.535,0,5.633,3.333,13.8,9.8,43,12.4,21,40,0,40,0,0.3027,0.1145,0.1147,89917
"Jamaica","JAM","JM",2014,5.0582494698,37.8,56.7765567766,10830,250.6679593721,8.9924594668,102.2381647538,73.4689268293,14.3,8607.4985627662,2714734,54.336,28.2999992371,35.5,15,74.3000030518,67.8000030518,77.7978668213,3.3790631171,0.8453909143,29.409330368,39.3,NA,0.2261127464,1.113487913,21,1503,0,0,0,0,10920.18359375,"1000",0.1,3,2,1,51,"Jamaica",9,12,15,8,"7.74873065948486",10,"",13,6,0.5,5e-04,0.0995,0,0,0,28.4,21.7,36.4,5.6,7.8,1,0,1,0,0.616,0.4129,0.1098,22
"Japan","JPN","JP",2014,28.9046130895,86.25,913.3922801709,364560,349.2940009875,47.9921522107,117.6315866904,83.3319512195,2.1,35614.3100226829,127338621,92.491,7.5999999046,6.8000001907,4,84.5999984741,74.9000015259,101.8094100952,8.4524899665,0.988069848,25.7535896301,0.3,NA,0.3963647464,1.6992418209,2584,157,0,0,0,0,8356.1025390625,"185000",0.1,2,1,1,740,"Japan",10,12,13,10,"9.40305042266846",13,"",15,15,0.5,5e-04,0.0995,0,0,6,13.2,9.7,38.1,13.2,25.8,4,0,4,0,0.5406,0.0119,0.0178,9326
"Jordan","JOR","JO",2014,2.8256486054,44.2,29.9776286353,88780,72.7641360667,5.2023846136,141.7962745465,73.9014146341,16,11404.7388595369,6460000,83.211,28,33.7000007629,12.6000003815,69.5999984741,43.5999984741,87.8294677734,4.76604779,3.5595053067,15.0625,2,NA,6.5157200914,49.1727257691,2712888,1632,NA,NA,1500,1,176.207427978516,"6397000",98.8,5,6,3,663,"Jordan",3,2,7,3,"2.78577065467834",8,"",5,6,0.5,0.494,98.306,9.444,9.333,3.333,35.8,20.4,35.7,4.2,3.9,7,3,7,3,0.0659,0.5926,0.0396,646312
"Kazakhstan","KAZ","KZ",2014,11.3373270272,54,14.4986371281,2699700,6.3100622291,26.7143762394,184.6947547977,70.45,14.6,22469.6790194365,17035275,53.361,3.9000000954,4.5,5.1999998093,82.4000015259,78.5999984741,97.7112731934,2.2619934564,1.2076488977,NA,7.8,NA,0.7689829159,18.8676023481,584,2136,NA,NA,250,0,3023.92626953125," 8,887,000* ",56.4,5,6,3,705,"Kazakhstan",3,2,5,1,"2.78577065467834",8,"",3,4,0.5,0.282,56.118,7.778,1.2,2.333,25.1,16.1,42.6,9.2,7,14,16,14,16,0.5898,0.6171,0.6621,661
"Kenya","KEN","KE",2014,0.1285868182,39,7.6845387081,569140,77.9310731982,0.4607373037,71.7640455222,61.6839756098,47.5,2705.3232181398,44353691,24.78,16.7999992371,17.1000003815,9.1999998093,72.9000015259,67.8000030518,66.9884414673,1.8684194072,1.5578245191,NA,6.4,32,0.1687360804,1.9989320738,534938,8589,0,0,0,0,3871.73583984375,"2868000",7,4,4,2,501,"Kenya",8,6,13,5,"5.26725053787231",7,"",10,6,2.5,0.175,6.825,0,4.933,3,42.1,18.7,32.8,3.7,2.8,236,495,236,495,0.7765,0.8588,0.886,587223
"Korea, Dem. Rep.","PRK","KP",2014,0,0,0.0799136932,120410,206.7559172826,4.7398162237,9.7206400519,69.8069512195,21.7,NA,24895480,60.569,11.1000003815,9.8999996185,4.5999999046,87,82.6999969482,NA,NA,NA,NA,5.2,NA,9.0683586554,0.15151107,NA,1166,0,0,0,0,7086.92041015625,"3000",0.1,7,7,3,731,"Korea, North",0,0,0,0,"0.304290890693665",3,"",0,0,0.5,5e-04,0.0995,9.167,0,0,21.5,16.3,44,8.6,9.7,0,0,0,0,0.4891,0.0392,0.0028,NA
"Korea, Rep.","KOR","KR",2014,38.035117362,84.77,2177.0955146374,97350,515.8671700051,61.5741285628,110.9984678468,81.4597560976,3.2,32708.1074382641,50219669,82.249,9.5,9.1999998093,3.0999999046,76.0999984741,65.9000015259,97.1971282959,3.8290348403,2.6016339625,23.0435504913,0.9,NA,2.5294359998,1.0823983777,547,500,0,0,0,0,7250.94091796875,"75000",0.2,2,1,1,732,"Korea, South",11,11,14,10,"9.40305042266846",12,"",15,13,0.5,0.001,0.199,0,5.5,0.667,14.1,13.5,47.3,12.4,12.7,1,0,1,0,0.6604,0.002,0.0021,2945
"Kosovo","KSV",NA,2014,NA,NA,NA,10887,167.5392670157,NA,NA,70.7975609756,NA,8598.5595575645,1824000,NA,NA,NA,NA,NA,NA,NA,NA,NA,NA,3.6,NA,NA,NA,NA,NA,100,150,125,0,1694.97265625,NA,95.6,4,5,2,NA,NA,NA,NA,NA,NA,NA,NA,NA,NA,NA,10,9.56,86.04,1.667,5.467,6,26.3,18.1,41.5,7.2,6.9,35,6,35,6,NA,NA,NA,NA
"Kuwait","KWT","KW",2014,1.3952499754,75.46,214.4294337453,17820,189.0332210999,15.0805742018,190.2883477034,74.4627560976,8.1,82357.8241817504,3368572,98.31,22.7999992371,19.6000003815,3.0999999046,84.9000015259,70.0999984741,NA,2.3861610309,3.3131044109,20.9380397797,0.4,NA,1.3039584949,70.1143542877,635,977,NA,NA,70,1,559.5185546875,"2636000",86.4,5,5,2,690,"Kuwait",4,2,7,5,"3.61293053627014",6,"",10,7,22.5,19.44,66.96,7.222,8.667,3.667,25.4,15.3,52.3,4.7,2.2,1,0,1,0,0.6745,0.6604,0.3444,1665
"Kyrgyz Republic","KGZ","KG",2014,2.4494605545,23.4,9.1222030981,191800,29.8206465068,8.3149708664,121.449818911,70.2024390244,21.6,3109.8128288413,5719600,35.483,13.8999996185,15.6000003815,8,82.5,70.9000015259,88.1920013428,3.9383196226,3.2442929774,NA,9.1,NA,0.7586511332,4.0883826796,466,2311,NA,NA,100,0,2828.95166015625,"4927000",88.8,5,5,2,703,"Kyrgyzstan",5,6,9,4,"3.61293053627014",7,"",6,4,0.5,0.444,88.356,2.222,0.667,5.667,29.8,18.8,39.4,7.1,4.9,6,1,6,1,0.447,0.6752,0.5949,844
"Lao PDR","LAO","LA",2014,0.1329447997,12.5,2.030751378,230800,29.3315727903,10.3654401426,68.1358642675,68.2494146341,53.8,4667.3400588651,6769727,36.469,4.3000001907,3.4000000954,1.3999999762,81.0999984741,80.5999984741,50.4936103821,0.9744122875,0.2134867995,NA,5.9,NA,3.7864756242,0.2957606134,NA,7745,0,0,0,0,6005.212890625,"1000",0.1,6,7,3,812,"Laos",0,0,4,0,"1.13145077228546",5,"",0,2,0.5,5e-04,0.0995,7.778,7.333,8,34.8,21.3,35,5.1,3.8,1,0,1,0,0.5453,0.5139,0.6382,NA
"Latvia","LVA","LV",2014,23.5085598959,75.2344,359,62180,32.3680765519,20.6309560912,228.4010716392,73.9804878049,7.4,21832.5707415661,2012647,67.476,19.1000003815,20.2999992371,11.1000003815,78,75.1999969482,97.7099609375,3.5398423296,0.9648212806,25.8227291107,4.7,NA,0.5111785409,15.9720245715,160,233,0,0,0,0,2770.36547851562,"2000",0.1,2,2,1,367,"Latvia",12,12,15,7,"8.57589054107666",12,"",14,12,30,0.03,0.07,1.667,6.2,2.333,14.2,11,44.8,12.8,17.2,1,0,1,0,0.5556,0.5867,0.5795,354
"Lebanon","LBN","LB",2014,9.9544356447,70.5,49.9395892066,10230,436.6950146628,18.042414606,80.5636740661,80.1288780488,7.8,16622.9354840943,4467390,87.548,18.7999992371,20.6000003815,6.5,76.0999984741,51.5999984741,75.0457763672,3.6371877946,4.3642604847,5.1042699814,2.2,NA,4.7514092383,17.4648913223,447328,3824,NA,NA,900,1,85.9413528442383,"2542000",59.7,4,5,2,660,"Lebanon",7,5,11,3,"4.44009065628052",9,"",9,5,50,29.85,29.85,3.056,6.933,10,25.2,17.2,44.1,6.9,6.7,248,413,248,413,0.7886,0.1314,0.1312,858820
"Lesotho","LSO","LS",2014,0.1096668298,5,1.4299332698,30360,68.328886693,2.7813918287,86.3015283459,49.3314634146,73,2493.6137341397,2074465,26.271,27.6000003815,33.2000007629,24.7000007629,74.5999984741,67.4000015259,53.2936401367,9.0741189294,2.0526689129,NA,38,NA,0.229506767,0.314994965,30,15,0,0,0,0,7053.11376953125,"1000",0.1,3,2,1,570,"Lesotho",7,10,14,8,"7.74873065948486",9,"",13,11,0.5,5e-04,0.0995,0,1.167,0,32.9,19.9,36.8,4.9,5.4,2,0,2,0,0.7211,0.255,0.2543,30
"Liberia","LBR","LR",2014,0,4.6,2.5017057084,96320,44.5813642027,0.1076133474,59.4021718754,60.5318780488,53.6,849.8309242361,4294077,48.921,3.4000000954,4.5,3.7000000477,65.0999984741,62.2999992371,37.8739891052,3.5964663748,0.7480467292,NA,3.2,NA,0.1359144256,2.4333057941,53253,17576,0,0,0,0,5709.6591796875,"523000",12.8,4,3,2,450,"Liberia",8,9,11,6,"6.09441089630127",8,"",11,7,0.5,0.064,12.736,0,3.167,3.667,43.2,17.9,31.5,4.3,3.1,2,12,2,12,0.4883,0.9084,0.9038,53307
"Libya","LBY","LY",2014,1.0432924439,16.5,3.0385415001,1759540,3.5245126567,12.7226852896,165.044994607,75.3616829268,12.4,20371.2174108149,6201521,78.17,38.5,51.2000007629,19.6000003815,79.5999984741,55.5999984741,NA,3.02,3.6485963214,NA,1.7,1930,0.3018414918,11.2982260738,25561,3322,NA,NA,600,0,2159.88818359375,"6325000",96.6,5,4,2,620,"Libya",6,9,8,3,"4.44009065628052",6,"",10,1,0.5,0.483,96.117,8.611,7.4,4,26.9,18.2,46.1,4.8,4,355,266,355,266,0.057,0.792,0.0758,32169
"Lithuania","LTU","LT",2014,22.0146751685,68.4529,205.7026476578,62674,47.1916424674,20.7090777289,151.3449586053,74.1634146341,4,24469.6225008436,2957689,66.554,23,21.8999996185,11.8000001907,75.9000015259,73.5,105.9365615845,4.1522333949,0.7742591073,19.4657402039,6.7,NA,1.4344173913,4.1602605123,916,220,0,0,0,0,2509.3505859375,"3000",0.1,1,1,1,368,"Lithuania",11,12,16,9,"10",13,"",16,13,15,0.015,0.085,0,7.933,5.333,13.5,12.5,44.7,12.2,17,0,0,0,0,0.4141,0.3223,0.3219,990
"Luxembourg","LUX","LU",2014,33.2780270749,93.7765,2674.5454545455,2590,209.7915057915,50.4543911912,148.6426712923,81.7975609756,1.6,88849.9952652285,543360,89.568,19.5,19.2000007629,5.9000000954,75.0999984741,68.6999969482,100.047492981,5.9392371934,0.5078596806,18.316160202,0.8,NA,0.5849176467,34.1712150831,2873,1,0,0,0,0,3052.8095703125,"11000",2.3,1,1,1,212,"Luxembourg",12,12,16,12,"10",16,"",16,16,0.5,0.0115,2.2885,0,7.933,0,17.9,12.7,42.1,12,15.4,0,0,0,0,0.0911,0.5302,0.644,1939
"Macao SAR, China","MAC","MO",2014,26.801324211,65.8,340.8695652174,29.9,18942.3076923077,27.9698079894,304.0821010814,80.3437560976,NA,138024.906674968,566375,100,3.4000000954,3.7000000477,1.7999999523,83.3000030518,77.5,95.9738616943,NA,NA,NA,0.7,NA,NA,56.0563833409,1,1,0,0,0,0,6797.11669921875," <1,000 ",0.1,NA,NA,NA,NA,NA,NA,NA,NA,NA,NA,NA,NA,NA,NA,0,0,0.1,0,2.167,0,14.4,13.7,50.9,11.8,9.2,0,0,0,0,0.5511,NA,0.2519,6
"Macedonia, FYR","MKD","MK",2014,15.0598104176,61.2,75.4269449715,25220,83.5510705789,18.8179054442,106.1738132594,75.1880243902,5.8,11608.9689707937,2107158,56.981,52.9000015259,52.2000007629,29,77,64.1999969482,82.8308105469,4.4398212744,1.2407539799,NA,1.4,NA,0.8256402582,6.1697275637,982,1633,NA,NA,12,0,1609.4931640625,"713000",34.9,3,3,2,343,"Macedonia",8,8,11,7,"6.92157030105591",11,"",11,8,0.5,0.1745,34.7255,0,3.733,5.667,17.7,14.1,43.8,12.1,12.4,15,7,15,7,0.5899,0.5023,0.5021,2074
"Madagascar","MDG","MG",2014,0.0606285293,2.2,0.9333107076,581795,39.4036576457,1.0713395694,36.9080697624,64.6913902439,39.6,1368.6324120759,22924851,33.832,4.6999998093,5.1999998093,3.5999999046,91.3000030518,89.6999969482,38.3909301758,2.6483602882,0.5165856855,8.4193496704,11.1,NA,0.1848047542,0.1791405995,12,296,0,0,0,0,5818.94921875,"220000",1.1,4,6,2,580,"Madagascar",7,1,9,1,"3.61293053627014",7,"",5,5,0.5,0.0055,1.0945,1.389,2.233,0,40.7,20.6,31.3,4.2,3.2,6,2,6,2,0.5191,0.8791,0.0204,12
"Malawi","MWI","MW",2014,0.0341633437,5.4,1.1290035059,94280,173.55289563,0.2051572959,32.3301594426,55.2347073171,44.2,754.981975268,16362567,15.944,12.5,13.5,7.5999999046,80.6999969482,82.5999984741,36.5997810364,4.1635285883,1.3596439257,33.1841011047,1.8,NA,0.0915172401,1.8373293075,5796,326,0,0,0,0,5289.66357421875,"2011000",12.8,4,3,2,553,"Malawi",7,8,11,7,"6.09441089630127",7,"",11,9,0.5,0.064,12.736,0,1.567,0,46.9,20.2,27.1,3.1,2.7,0,0,0,0,0.8192,0.6744,0.6023,16935
"Malaysia","MYS","MY",2014,8.2212298598,66.97,87.6838478866,328550,90.4488357936,15.2633352699,144.6850309243,75.0162682927,7.2,22589.3714474966,29716965,73.284,10.5,11.1000003815,3.2000000477,79.0999984741,62.5,70.79637146,2.2082496574,1.546213616,19.8658409119,2.3468427356,70,1.0242571855,8.3378722503,97513,485,0,0,0,0,6816.01953125,"17139000",61.4,4,4,2,820,"Malaysia (1966-)",5,6,9,6,"5.26725053787231",9,"",8,5,1,0.614,60.786,8.611,8.267,8.333,28.8,16.9,41.2,7.6,5.5,18,4,18,4,0.6657,0.588,0.597,140552
"Mali","MLI","ML",2014,0.0190110217,2.3,1.3952308473,1220190,12.5403830551,0.8258063673,129.0669372257,55.0135121951,77.6,1589.1673480781,15301650,38.363,8.3000001907,10.6999998093,8.1999998093,81.9000015259,67,44.9463005066,2.8321593882,1.4058076504,31.1759605408,7.5,803,0.2221159747,1.1631449566,14316,152864,0,0,0,0,5042.62109375,"12316000",92.4,5,7,3,432,"Mali",4,1,8,2,"1.95861077308655",4,"",3,3,0.5,0.462,91.938,0,0,0,47.6,19,26.7,3.7,3,97,252,97,252,0.182,0.6906,0.8388,14609
"Mauritania","MRT","MR",2014,0.1936306518,6.2,2.5100401606,1030700,3.7740176579,1.3880376773,102.5274558598,61.5117560976,67.1,2945.2295694967,3889880,58.636,44.5,42.9000015259,31,80.1999969482,55,29.5032691956,1.8464375171,3.5606168307,23.9491596222,5,8,1.6603054803,2.7491674563,92767,34257,0,0,0,0,5448.36865234375,"3338000",99.2,5,6,3,435,"Mauritania",4,3,10,5,"2.78577065467834",5,"",3,4,0.5,0.496,98.704,7.778,8.333,2,39.5,20,32.5,4.5,3.6,11,16,11,16,0.0149,0.615,0.326,93612
"Mauritius","MUS","MU",2014,12.5361317837,39,154.6391752577,2030,620.0261083744,29.1706143428,123.2398186118,74.46,12.5,17145.7831201536,1258653,39.979,17,23.6000003815,8.3000001907,80.1999969482,64.5999984741,95.8514633179,2.3655561922,0.201786865,19.0319900513,2.8,NA,0.4223208388,3.4322616763,NA,81,0,0,0,0,6114.1357421875,"216000",16.6,2,1,1,590,"Mauritius",12,12,15,11,"9.40305042266846",12,"",15,13,7.5,1.245,15.355,2.5,6.267,5.333,21,15.5,44.1,10.9,8.4,0,0,0,0,0.6385,0.4634,0.4547,NA
"Mexico","MEX","MX",2014,10.8548766382,43.46,34.5479365746,1943950,62.929807351,16.8307906722,85.8364013609,77.3540243902,12.5,16290.8128214269,122332399,78.691,8.6000003815,9.3999996185,4.9000000954,83.3000030518,64.9000015259,85.6814804077,3.2271983672,0.6215816004,15.912320137,21.5,NA,0.6038522639,0.6155790451,1831,9396,0,0,0,0,12484.03515625,"111000",0.1,3,3,2,70,"Mexico",8,9,13,7,"6.92157030105591",10,"",12,6,0.5,5e-04,0.0995,3.056,0,6.333,27.9,18.1,40.4,7,6.6,57,119,57,119,0.1796,0.5418,0.1511,3183
"Moldova","MDA","MD",2014,13.3938823195,48.8,48.6562942008,32860,124.0199323971,35.0273170139,106.0114062728,68.8115121951,13.3,4521.0848447881,3558566,44.879,16.1000003815,14.8000001907,5.0999999046,48.4000015259,46,88.3360519409,5.4292663032,0.3060451392,37.7734909058,6.5,NA,0.6412558354,11.4630500176,250,2207,0,0,0,0,1629.59289550781,"15000",0.4,3,3,2,359,"Moldova",8,11,11,6,"6.92157030105591",9,"",12,8,0.5,0.002,0.398,1.667,2.733,10,17.7,14.2,43.9,13.1,11.1,3,2,3,2,0.5603,0.5535,0.5533,337
"Mongolia","MNG","MN",2014,4.9216416767,17.7,28.8094411663,1553560,1.8274627308,6.1885692971,124.1841262976,67.548195122,26.4,9132.3057037913,2839073,70.366,8.8000001907,9.1999998093,4.9000000954,71.6999969482,65.5999984741,91.5752182007,3.6203987306,1.1096847962,17.8200798035,9.7,NA,1.3474110843,0.3694422388,9,2064,0,0,0,0,5361.125,"120000",4.4,2,1,1,712,"Mongolia",11,11,15,9,"9.40305042266846",12,"",16,12,2.5,0.11,4.29,4.722,5.133,6.333,26.8,18.7,44.5,5.9,4.1,0,0,0,0,0.0799,0.3682,0.3734,13
"Morocco","MAR","MA",2014,2.5330410823,56,4.986116502,446300,73.9595563522,8.8610267464,128.5252096831,70.8721219512,26.1,6967.2592458786,33008150,59.2,19,18.5,9.1999998093,78.9000015259,52.5,68.8769607544,2.0411190468,3.9153703464,36.4887619019,2.2,NA,2.0438642538,0.1551654175,1470,1318,NA,NA,1500,0,3964.06372070312,"32381000",99.9,4,5,2,600,"Morocco",6,5,8,4,"4.44009065628052",7,"",7,6,0.5,0.4995,99.4005,6.389,7.267,7.333,26.7,17.7,42,7.3,6.3,8,25,8,25,0.0035,0.4841,0.4683,4973
"Mozambique","MOZ","MZ",2014,0.0696104848,5.4,1.8131681336,786380,32.8514865587,0.3002583597,48.0042155704,50.1733658537,61.5,1069.6246770946,25833752,31.669,13.8999996185,14.3000001907,8.3000001907,82.5999984741,84.5,26.0463008881,3.1471254767,0.811375097,NA,12.4,28,0.0942676038,1.877644362,4445,56,0,0,0,0,6630.36376953125,"5340000",22.8,3,4,2,541,"Mozambique",7,6,12,7,"6.09441089630127",9,"",10,8,0.5,0.114,22.686,0,0.8,0.667,45.3,21.3,27,3.5,2.9,19,44,19,44,0.6759,0.6932,0.8125,15119
"Myanmar","MMR","MM",2014,0.1789912837,1.2,0.4840000745,653290,81.5243123268,1.0041679702,12.8285880149,65.0996829268,39.8,NA,53259018,33.007,8.8999996185,9.8999996185,3.4000000954,85,82,50.2060203552,0.4820920272,NA,NA,15.2,249,1.6328030888,0.1707931784,NA,479608,0,0,0,0,5470.46533203125,"1900000",3.8,5,6,3,775,"Myanmar",4,3,7,3,"2.78577065467834",5,"",6,1,0.5,0.019,3.781,8.611,10,7,26.4,18.3,43.1,7,5.3,86,109,86,109,0.1974,0.5062,0.5072,NA
"Namibia","NAM","NA",2014,1.4694907123,13.9,22.9982964225,823290,2.7976958301,7.9681676193,118.4342132969,64.3438780488,35.2,9275.7729894833,2303315,44.679,29.8999996185,34.0999984741,16.8999996185,64.8000030518,60.4000015259,NA,4.6732292741,3.0219259446,NA,17.2,NA,1.7480346111,6.3732034492,2332,1142,0,0,0,0,6564.54052734375,"9000",0.4,2,2,1,565,"Namibia",12,10,14,9,"8.57589054107666",9,"",11,11,0.5,0.002,0.398,0,0,0,31.7,23.1,35.9,4.8,4.4,0,0,0,0,0.6626,0.6329,0.7005,3494
"Nepal","NPL","NP",2014,1.120451414,13.3,2.9870914975,143350,193.9131984653,2.9826361455,76.8497960083,68.4038536585,32.2,2172.7903916176,27797457,17.877,5.9000000954,4.5999999046,2.7000000477,88.8000030518,85.6999969482,66.9919281006,2.5961432728,1.4284169787,NA,2.9,NA,1.042574789,3.5232974606,46305,8112,0,0,0,0,3944.61596679688,"1253000",4.2,4,4,2,790,"Nepal",6,5,9,4,"5.26725053787231",7,"",11,5,0.5,0.021,4.179,4.722,6.2,6.667,31.6,22.6,35.7,5.6,4.5,565,288,565,288,0.1417,0.6632,0.7167,46541
"Netherlands","NLD","NL",2014,40.0789439657,93.9564,2639.4865089742,33720,498.3520759193,42.5167888093,113.7299036847,81.1048780488,3.3,45021.1574077338,16804432,89.271,10.8000001907,11,6.6999998093,84.1999969482,79.3000030518,129.9127655029,10.2887152622,1.2097671156,25.8880004883,0.9,NA,0.4825602395,10.5496685784,74707,64,200,250,225,0,3265.95336914062,"914000",5.5,1,1,1,210,"Netherlands",12,12,16,12,"10",16,"",16,15,2.5,0.1375,5.3625,0,5.6,6,16.9,12.2,40.4,12.9,17.6,5,7,5,7,0.7222,0.1054,0.5143,74707
"New Zealand","NZL","NZ",2014,29.2070529262,82.78,1217.294406062,263310,16.8702290076,41.0585470468,105.7756947162,81.4073170732,5.2,33019.6033227233,4442100,86.223,15.3999996185,15.8000001907,6.1999998093,83.4000015259,77.9000015259,119.5443878174,8.0837470309,0.9869742354,25.1702804565,0.9,NA,0.3537490953,22.113039281,1403,17,NA,NA,6,0,15630.560546875,"41000",0.9,1,1,1,920,"New Zealand",12,12,16,12,"10",15,"",15,15,0.5,0.0045,0.8955,0,1.833,1.667,20,13.9,40.4,11.4,14.3,5,0,5,0,0.811,0.3969,0.1657,1711
"Nicaragua","NIC","NI",2014,2.1657343386,15.5,11.0228562166,120340,50.5274887818,5.3444975872,111.9801765585,74.7881707317,20,4493.7666939127,6080478,58.146,8.8000001907,10.3999996185,7.1999998093,82.5,65.8000030518,68.9085617065,4.4876173996,0.7560997677,7.2774200439,11.3,NA,0.4634385596,0.6892572905,189,1538,0,0,0,0,12119.6591796875,"1000",0.1,4,5,2,93,"Nicaragua",6,6,12,4,"4.44009065628052",9,"",7,7,0.5,5e-04,0.0995,0,5.8,0,29.3,22.4,38,5.4,4.8,0,0,0,0,0.429,0.4844,0.0473,206
"Niger","NER","NE",2014,0.0358920032,1.7,0.1618559482,1266700,14.0769479751,0.5636166128,39.2922096968,58.4427073171,59.9,886.8096112893,17831270,18.22,7.1999998093,6.6999998093,5.0999999046,90.9000015259,65.6999969482,15.9247598648,2.4039866786,1.0547307489,46.6628913879,4.7,31,0.1858402576,1.2719657153,57661,733,0,0,0,0,4109.591796875,"15627000",98.3,4,3,2,436,"Niger",8,9,11,7,"6.09441089630127",6,"",10,5,0.5,0.4915,97.8085,0.833,0,0,49.8,18.4,25.9,3.3,2.6,29,126,29,126,0.2013,0.6518,0.6519,57745
"Nigeria","NGA","NG",2014,0.0086657087,38,2.307903449,910770,190.6247955027,0.2076642477,73.2919616063,52.4997804878,74.3,5422.6933427295,173615345,46.094,14,13.6000003815,7.5,63.5999984741,56.2000007629,43.8291397095,1.0691458555,0.4703125126,NA,20,1614,0.2989131187,0.7060820706,1694,31664,0,0,0,0,4530.11181640625,"75728000",47.9,5,4,2,475,"Nigeria",7,6,9,5,"4.44009065628052",6,"",9,4,2.5,1.1975,46.7025,0.556,6.933,6,43.2,19.3,30.5,3.9,3.1,1412,4799,1412,4799,0.7421,0.8505,0.8503,2509
"Norway","NOR","NO",2014,38.0829326363,95.0534,1942.9294896767,365268,13.9080510748,24.5246616327,116.2684220327,81.4512195122,2.3,62411.3557791039,5080166,79.939,10.6999998093,9.1000003815,3.5,80,77.9000015259,111.0613021851,8.1815474313,1.4117307175,26.1716899872,2.2,NA,0.9618725646,9.9287989247,46106,13,NA,NA,60,0,3481.26708984375,"144000",3,1,1,1,385,"Norway",12,12,16,12,"10",16,"",16,16,0.5,0.015,2.985,0,7.6,0.667,18.2,13.1,40.8,11.7,16.1,5,75,5,75,0.2048,0.0586,0.0673,52450
"Oman","OMN","OM",2014,2.6221464116,66.45,85.5832908813,309500,11.7364911147,9.6742303529,154.645907824,76.8520243902,9.8,44532.4548711515,3632444,76.699,17.8999996185,20.5,7.9000000954,84.5,67.0999984741,93.5088424683,2.0799459878,11.6071399419,15.8910503387,1.1,NA,2.5974571447,29.473506191,138,26,0,0,0,0,1757.43884277344,"2547000",87.7,5,6,3,698,"Oman",3,2,5,2,"2.78577065467834",5,"",2,4,7.5,6.5775,81.1225,6.111,7.067,0.667,30.4,19.9,42.6,3.9,3.3,0,0,0,0,0.4322,0.4373,0.3567,217
"Pakistan","PAK","PK",2014,0.6106018233,10.9,1.8473205749,770880,236.2787904732,3.497732112,70.1303759844,66.5853658537,69,4454.0748287843,182142594,37.86,7.5,8.5,5.0999999046,85.9000015259,56.4000015259,38.3174095154,1.0129007544,3.4550106258,10.3786201477,7.7,1802,1.4454838467,2.4450528263,1616507,48867,NA,NA,500,0,2655.29541015625,"178097000",96.4,5,4,2,770,"Pakistan (1971-)",7,6,5,5,"4.44009065628052",6,"",9,4,12.5,12.05,84.35,8.611,10,10,33.3,21.5,35.7,5.1,4.3,7239,13377,7239,13377,0.3848,0.7098,0.719,1621893
"Panama","PAN","PA",2014,7.7073990016,42.9,114.8751910341,74340,51.9796879204,15.1726761504,162.9742997849,77.5789512195,15.4,18793.3933318045,3864170,65.994,8.5,10.1999998093,4.0999999046,86.1999969482,69.9000015259,72.951133728,4.9310520281,NA,9.6649599075,17.2,NA,0.6613701937,3.2897985062,17665,105,0,0,0,0,11779.3212890625,"25000",0.7,2,1,1,95,"Panama",10,12,15,9,"9.40305042266846",12,"",15,9,0.5,0.0035,0.6965,0.556,3.4,0,27.4,17.3,40.1,7.4,7.8,1,1,1,1,0.3338,0.5528,0.3873,18295
"Papua New Guinea","PNG","PG",2014,0.154344975,6.5,10.7009095773,452860,16.1667226074,1.9122386277,40.9765420224,62.4307317073,47.3,2558.1259964471,7321262,12.977,3.9000000954,4.6999998093,2.0999999046,74.5999984741,73.1999969482,40.1570587158,3.6115533849,0.5665558607,NA,10.4,NA,0.057906209,0.3578684477,9378,221,0,0,0,0,11771.0859375,"2000",0.1,3,4,2,910,"Papua New Guinea",9,9,12,4,"6.09441089630127",8,"",10,7,0.5,5e-04,0.0995,0,2.167,0,35,19.7,36.2,5.2,3.9,1,0,1,0,0.5523,0.2718,0.3526,9782
"Paraguay","PRY","PY",2014,1.701955002,36.9,22.8389708008,397300,17.1213063176,6.4337550782,103.6899605207,72.2734878049,18.7,7833.0740015676,6802295,59.174,9,11.3000001907,5.1999998093,88,73.4000015259,69.601020813,3.4626591948,1.6475367651,17.5919799805,9.7048746135,NA,0.7877418089,2.4971047511,136,95,0,0,0,0,11878.7587890625,"1000",0.1,3,3,2,150,"Paraguay",8,10,11,5,"6.92157030105591",10,"",12,6,0.5,5e-04,0.0995,2.222,8.333,1.667,26.2,20.5,39.5,7.2,6.6,18,15,18,15,0.2123,0.1689,0.5975,137
"Peru","PER","PE",2014,5.1825242778,39.2,28.2427118203,1280000,23.7309398438,11.2596283274,98.0829812662,74.8146097561,12.9,11396.4930206131,30375603,77.954,8.6999998093,8.8999996185,3.9000000954,86.8000030518,78.0999984741,93.9782028198,3.1239743171,1.415595817,10.3828697205,9.6,28,1.1645480989,0.128576081,1162,4765,0,0,0,0,12915.73046875," <1,000 ",0.1,3,2,1,135,"Peru",8,10,15,7,"7.74873065948486",10,"",13,8,0.5,5e-04,0.0995,0,7.133,0,27.3,19.2,39.4,7.3,6.9,26,60,26,60,0.1988,0.6566,0.3358,1669
"Philippines","PHL","PH",2014,9.1248519949,37,10.8296035806,298170,329.9915283228,3.2002445607,104.5023214626,68.7144878049,23.5,6326.216423894,98393574,44.633,15.3999996185,16.7000007629,7.0999999046,81.4000015259,67,NA,1.3917732552,1.2761565415,NA,8.8,514,0.3917133618,0.4659705273,182,726,0,0,0,0,7892.9873046875,"4737000",5.1,3,3,2,840,"Philippines",8,9,14,7,"6.92157030105591",10,"",10,5,0.5,0.0255,5.0745,0,0.667,6.333,33.7,19,37,5.8,4.5,1881,1471,1881,1471,0.3056,0.2385,0.836,261
"Poland","POL","PL",2014,15.6598978429,62.8492,423.8687401023,306220,125.7738847887,14.3326250467,149.0785439377,76.8487804878,4.5,22835.2204608088,38514479,60.617,25.2000007629,27.2000007629,10.3999996185,73.9000015259,67,97.6588363647,4.6359723997,1.7661300609,24.2004795074,1.2,NA,0.9333053108,2.1670329706,16438,1429,0,0,0,0,2420.97680664062,"20000",0.1,1,1,1,290,"Poland",12,12,16,10,"10",14,"",16,13,0.5,5e-04,0.0995,0,2.833,6,14.6,11.9,43.8,14.7,15,0,0,0,0,0.1712,0.1183,0.0468,18589
"Portugal","PRT","PT",2014,23.8406656162,62.0956,261.6062027376,91590,114.175073698,42.7010500223,113.0356020405,80.3731707317,3.1,25932.933700526,10457295,62.338,36.2999992371,37.7999992371,16.5,77.0999984741,73.5999984741,112.8516616821,6.2780460552,2.1038373637,33.5213012695,1.2,NA,1.4857663214,8.6883317097,598,32,0,0,0,0,4085.68188476562,"65000",0.6,1,1,1,235,"Portugal",12,12,16,11,"10",15,"",16,15,0.5,0.003,0.597,0,7.2,1,15.9,11.4,42.2,11.9,18.6,2,0,2,0,0.1438,0.0468,0.0198,804
"Puerto Rico","PRI","PR",2014,16.3037731562,73.9,125.9012756517,8870,407.5632468997,17.9170559588,83.6464209431,78.711195122,NA,33637.5807616376,3615086,93.676,29.6000003815,27.2999992371,14.1999998093,59.7999992371,50.2000007629,80.803352356,NA,NA,NA,26.5,NA,NA,8.7058288599,NA,NA,0,0,0,0,9990.8828125,"1000",0.1,NA,NA,NA,NA,NA,NA,NA,NA,NA,NA,NA,NA,NA,NA,0.5,5e-04,0.0995,NA,NA,NA,18.1,14.5,38.5,12,17,0,0,0,0,0.4952,NA,0.0352,NA
"Qatar","QAT","QA",2014,9.9363527835,85.3,221.7813051146,11610,186.7935400517,19.0247215694,152.6441745713,78.606902439,7,127562.198988718,2168673,99.061,0.5,1.5,0.5,95.9000015259,87.3000030518,111.6166992188,1.8331501702,1.4998511507,NA,1.1,NA,0.7265754835,74.6081214462,130,17,NA,NA,15,0,1132.56420898438,"1168000",77.5,5,6,3,694,"Qatar",2,2,8,3,"2.78577065467834",4,"",2,4,10,7.75,69.75,5.278,8.267,6.333,12.5,13.4,69.9,3.4,0.9,0,0,0,0,0.095,0.7456,0.48,141
"Romania","ROM","RO",2014,17.3283188742,49.7645,125.0502008032,230020,86.8679158334,21.7525705017,105.5829216513,74.4634146341,10.5,18184.1097333037,19981358,54.235,23.5,23.7999992371,7.3000001907,72.5999984741,64.6999969482,95.0112991333,4.2560027936,1.3295832673,11.8981800079,1.7,NA,1.5781478365,0.6556914399,1770,2329,0,0,0,0,1499.248046875,"73000",0.3,2,2,1,360,"Romania",11,10,14,8,"8.57589054107666",12,"",14,12,0.5,0.0015,0.2985,5.278,8.267,9.333,14.6,11.3,45.7,13,15.4,1,0,1,0,0.2373,0.3069,0.1723,1920
"Russian Federation","RUS","RU",2014,16.6244715559,61.4,84.8024698257,16376870,8.7623496431,28.3358556958,152.8353524497,71.0731707317,8.6,23564.2077363646,143499861,73.851,14.1999998093,14.5,5.5999999046,78.6999969482,73.4000015259,95.2995986938,3.145940176,4.1884314803,NA,9.2,316,1.6368455067,8.6177216205,3458,74357,800,1500,1150,0,2478.70947265625,"16379000",11.7,5,6,3,365,"Russia",4,1,6,3,"2.78577065467834",6,"",3,3,0.5,0.0585,11.6415,3.889,4.733,10,16.4,10.7,45.8,13.8,13.3,1160,1048,1160,1048,0.4398,0.2452,0.2485,4698
"Rwanda","RWA","RW",2014,0.023614782,8.7,3.6363636364,24670,477.3620591812,0.3849863313,56.8007939865,63.9939756098,37.1,1426.3662876262,11776522,26.869,0.8999999762,0.6999999881,0.6000000238,86.3000030518,87.1999969482,32.5598983765,6.5473906017,1.0958059211,41.7924003601,23.1,1,0.6061295631,4.2953908983,73349,83937,0,0,0,0,3997.8642578125,"188000",1.8,6,6,3,517,"Rwanda",2,2,4,4,"1.95861077308655",7,"",2,3,0.5,0.009,1.791,5.556,1.733,7.333,42.1,18.9,32.5,4,2.5,22,28,22,28,0.5066,0.3238,NA,73563
"Saudi Arabia","SAU","SA",2014,7.3537394979,60.5,48.2481528142,2149690,13.4107103815,17.1346119359,184.2042369333,75.7033658537,13.4,52067.9660469226,28828870,82.719,21.1000003815,28.7000007629,5.6999998093,79.9000015259,56.5,116.1676712036,2.0323008651,8.9894631834,NA,0.8,NA,2.2390829571,26.7400268402,559,584,1500,2500,2000,1,992.687927246094,"25493000",97.1,7,7,3,670,"Saudi Arabia",0,0,3,1,"0.304290890693665",2,"",0,2,12.5,12.1375,84.9625,9.444,9.333,10,27.6,19.3,45.4,4.5,3.2,21,20,21,20,0.127,0.18,0.0949,658
"Senegal","SEN","SN",2014,0.7551891705,20.9,3.5743744845,192530,73.4081961253,2.4319761584,92.9279827471,63.3507317073,43.9,2170.0772069902,14133280,43.079,11.3999996185,14.6000003815,10.3000001907,89.5,78,41.0044517517,2.2224875449,0.0016010529,28.9545898438,2.8,25,0.304519362,1.6220220216,14247,19884,0,0,0,0,5782.0810546875,"12333000",95.9,3,2,1,433,"Senegal",10,11,14,8,"7.74873065948486",9,"",13,10,0.5,0.4795,95.4205,0,3.333,0,42.5,20.5,30.4,3.8,2.9,26,67,26,67,0.1497,0.6939,0.6961,16728
"Serbia","SRB","RS",2014,14.1960578887,51.5,43.8263801096,87460,81.9132403384,39.3483911605,119.3917104378,75.1365853659,5.8,12892.4963006621,7164132,55.373,44.2999992371,48.9000015259,22.2000007629,69.3000030518,61.4000015259,94.4092102051,6.4114785194,2.0234478176,13.9295701981,1.2,NA,0.8950490592,7.2055490853,57083,48693,50,70,60,0,1852.28527832031,"280000",3.7,2,2,1,NA,NA,NA,NA,NA,NA,NA,NA,NA,NA,NA,12.5,0.4625,3.2375,NA,NA,NA,14.8,11.6,41.6,14.7,17.2,11,3,11,3,NA,0.5736,NA,57483
"Sierra Leone","SLE","SL",2014,NA,1.7,0.9669621273,72180,84.401149903,0.2626362939,65.6590734684,45.5509512195,107.2,1494.648548339,6092075,39.226,6.5999999046,4.6999998093,3.2000000477,69.9000015259,68.8000030518,44.6585617065,1.6943315686,0.000731009,10.3524303436,1.9,NA,0.4382020362,1.8563359791,2817,5320,0,0,0,0,5783.98388671875,"4171000",71.5,3,2,1,451,"Sierra Leone",8,10,13,8,"7.74873065948486",10,"",12,9,0.5,0.3575,71.1425,0,0,0,41.9,18.8,31.6,3.9,3.7,0,0,0,0,0.5395,0.8191,0.7634,2855
"Singapore","SGP","SG",2014,26.0341550227,73,817.0753860127,700,7713.1428571429,36.3469252109,155.9222112974,82.3463414634,2.2,76236.7936323961,5399200,100,9.3999996185,10.3000001907,2.7999999523,82.3000030518,73.6999969482,NA,1.8130270357,3.2748242488,16.6847705841,0.2,NA,4.8036070012,38.7429826462,3,65,0,0,0,0,7130.822265625,"721000",14.9,4,4,2,830,"Singapore",4,4,10,7,"5.26725053787231",12,"",8,7,0.5,0.0745,14.8255,7.222,1.733,0,13.4,17.8,50.3,10,8.5,0,0,0,0,0.6561,0.3857,0.3835,3
"Slovak Republic","SVK","SK",2014,15.5222456035,77.8826,321.2177121771,48088,112.5726376643,17.7443381674,113.9111555619,76.2609756098,6,25758.8626348949,5413393,53.945,34.9000015259,33.5,14.1999998093,77.5,69.9000015259,93.8831176758,5.7527742709,1.0163988619,18.4138202667,1.4,NA,0.5792988912,2.4238847296,701,323,0,0,0,0,2282.25146484375,"4000",0.1,1,1,1,317,"Slovakia",12,12,16,10,"10",14,"",15,13,0.5,5e-04,0.0995,0.556,8.267,5,15.2,12.2,45.2,13.5,13.9,0,0,0,0,0.5655,0.2539,0.2551,901
"Slovenia","SVN","SI",2014,24.9637909707,72.6756,647.7713178295,20140,102.2816782522,47.6523855971,110.2112116958,80.2780487805,2.3,27368.1720259118,2059953,49.764,21.6000003815,22.7999992371,10.1999998093,74.3000030518,70.9000015259,97.5656661987,6.5599613702,1.1371170267,31.4347896576,0.7,NA,1.3300704888,8.0003592727,213,28,0,0,0,0,2318.97900390625,"49000",2.4,1,1,1,349,"Slovenia",12,12,14,11,"10",13,"",15,14,0.5,0.012,2.388,0,2,2,13.4,10,43.9,14.8,17.9,0,0,0,0,0.2868,0.2216,0.2201,234
"Solomon Islands","SLB","SB",2014,0.3356906514,8,3.4904013962,27990,20.0511254019,1.3573733454,57.5707685427,67.716902439,25.1,2002.5924183862,561231,21.421,8.8999996185,9.6999998093,3.7999999523,81.3000030518,68.5,48.4396095276,4.8236322758,NA,NA,4.3,NA,NA,1.3241598869,NA,61,0,0,0,0,12960.5615234375," <1,000 ",0.1,3,4,2,940,"Solomon Islands",9,6,14,6,"6.09441089630127",12,"",10,8,0.5,5e-04,0.0995,0,5.8,0,36.2,20,35.4,4.4,4.1,0,0,0,0,0.6708,0.111,0.5254,3
"Somalia","SOM","SO",2014,0.5716690535,1.5,0.0925411808,627340,16.7302945771,0.6097803238,49.3826784086,55.0245121951,89.8,NA,10495583,38.612,10.1999998093,10.6000003815,6.9000000954,77.5,57.9000015259,NA,NA,NA,NA,8,896,0.3538065077,0.2370546897,2425,1121738,NA,NA,70,0,3484.9755859375,"9231000",98.6,7,7,3,520,"Somalia",0,0,1,0,"0.304290890693665",1,"",0,0,0.5,0.493,98.107,8.611,2.4,10,44,18.9,31.2,3.6,2.3,1422,3272,1422,3272,0.0028,0.8117,0.0326,12301
"South Africa","ZAF","ZA",2014,3.0604934466,48.9,116.4700612214,1213090,43.81990619,7.3434372698,145.6440212649,56.7365853659,32.8,12454.1909220073,53157490,63.788,48.9000015259,53.5999984741,24.8999996185,63.7999992371,56.2000007629,110.7635726929,4.3260958296,1.1219961798,21.5551204681,31,NA,0.3950746102,3.6676957828,65881,423,0,0,0,0,7733.619140625,"737000",1.5,2,2,1,560,"South Africa",11,12,15,8,"8.57589054107666",11,"",14,10,7.5,0.1125,1.3875,0,0,1.333,28.3,20.2,38.2,7.1,6.3,20,8,20,8,0.8603,0.7517,0.8652,303257
"Spain","ESP","ES",2014,25.7915476013,71.5719,314.1886114911,498800,93.4599538893,41.3072650791,106.8867145739,82.4268292683,3.6,31682.6447411771,46617825,79.129,57.7999992371,57.2999992371,26.6000003815,79.9000015259,74.1999969482,130.8067169189,6.2533994953,0.9161431631,26.4884204865,0.8,NA,0.9189644321,13.6924621664,4637,56,50,100,75,0,3610.57177734375,"1021000",2.3,1,1,1,230,"Spain",12,12,16,11,"10",15,"",16,14,0.5,0.0115,2.2885,0.833,7.933,0.667,15.4,9.6,45.9,11.4,17.6,101,8,101,8,0.4514,0.4165,0.4132,8981
"Sri Lanka","LKA","LK",2014,1.9947936439,21.9,11.4313393073,62710,326.6305214479,12.7239128918,95.4963205396,74.2402926829,8.2,9425.7373825859,20483000,18.3,14.1000003815,17.6000003815,4.1999998093,81.0999984741,59.4000015259,99.338508606,1.4250278507,2.7092866275,6.8699598312,3.4,NA,2.6462915267,1.645838377,145,123088,0,0,0,0,4685.76708984375,"1725000",8.5,4,5,2,780,"Sri Lanka",6,6,8,4,"4.44009065628052",8,"",6,5,0.5,0.0425,8.4575,6.944,2.4,10,24.7,14.9,42.1,9.5,8.7,509,1977,509,1977,0.4853,0.415,0.4645,1752
"Sudan","SDN","SD",2014,0.117642082,22.7,0.0406004984,2376000,20.7325248316,1.0946361037,72.8523129068,62.0444878049,51.2,3264.7729779456,37964306,33.46,22.6000003815,24.5,15.1999998093,76.4000015259,54.5,40.7425,1.3808641623,NA,NA,11.2,576,2.2124347539,1.6525522345,159857,649331,NA,NA,100,0,2033.73498535156,"30855000",71.4,7,7,3,NA,NA,NA,NA,NA,NA,NA,NA,NA,NA,NA,0.5,0.357,71.043,6.944,8.667,10,40.8,20.2,31.8,3.9,3.3,255,1635,255,1635,0.4307,0.7147,0.719,400291
"Suriname","SUR","SR",2014,6.8786669535,37.4,55.1470588235,156000,3.4568974359,15.750932732,161.067802016,71.0316341463,20.3,15555.8427865772,539276,66.14,18.7000007629,22.5,7.8000001907,73.5,59.2999992371,76.0091629028,3.3680158778,NA,NA,6.1,NA,0.9087970619,7.5194300518,1,17,0,0,0,0,9800.2099609375,"84000",15.9,2,2,1,115,"Suriname",11,12,15,8,"8.57589054107666",10,"",13,8,0.5,0.0795,15.8205,0,2,0,26.2,17.6,44.1,6.5,5.7,0,0,0,0,0.791,0.7332,0.331,0
"Swaziland","SWZ","SZ",2014,0.3361306876,24.7,10.2523659306,17200,72.6461627907,3.6814313405,71.4677866755,48.9379268293,55.9,6470.8841903439,1249514,21.337,39.9000015259,42.4000015259,22.5,72.9000015259,58.9000015259,60.6870994568,6.2987337391,2.9570773263,38.6942405701,33.8,NA,NA,3.387509345,507,109,0,0,0,0,6681.92041015625,"2000",0.2,5,7,3,572,"Swaziland",3,0,8,0,"1.95861077308655",4,"",1,5,0.5,0.001,0.199,0,3.567,0,36.5,22.3,33.2,4.2,3.8,4,0,4,0,0.4444,0.0582,0.1722,1042
"Sweden","SWE","SE",2014,32.5531900444,94.7836,1606.9765034676,407340,23.5684661462,40.6107758718,124.3952500782,81.7048780488,2.4,43540.4943919326,9600379,85.514,25.1000003815,23.7999992371,8.1000003815,83.1999969482,80.9000015259,98.3752670288,7.9119549979,1.1248089589,32.6557998657,0.7,NA,0.3148862166,13.9262364357,114175,17,150,180,165,0,3173.45385742188,"451000",4.9,1,1,1,380,"Sweden",12,12,16,12,"10",16,"",16,16,30,1.47,3.43,0,1.833,2.667,16.9,12.3,39.2,11.7,19.8,9,1,9,1,0.2342,0.06,0.1968,141899
"Switzerland","CHE","CH",2014,42.5173805896,86.7,2829.1488058788,39516,204.6734234234,56.8632825165,136.7772396384,82.7487804878,3.6,54992.7229301419,8087875,73.787,8.8999996185,8.8000001907,4.4000000954,88.5,83.3000030518,96.3063812256,7.567642592,0.7372530561,27.4913406372,0.6,NA,0.452031675,22.5280191757,52464,15,NA,NA,40,0,2850.291015625,"433000",5.7,1,1,1,225,"Switzerland",12,12,15,12,"10",15,"",15,15,0.5,0.0285,5.6715,1.667,6.6,6,15.1,11.4,43.9,12,17.5,7,0,7,0,0.6083,0.5314,0.5441,74594
"Tajikistan","TJK","TJ",2014,0.0706641972,16,1.4270424545,139960,58.6441411832,5.177979964,91.8281242043,67.3746097561,40.9,2431.6590685453,8207834,26.621,17.7000007629,15.6000003815,10.6999998093,79.8000030518,70.6999969482,87.0034408569,2.0677317871,NA,NA,1.6,28,0.4561870154,3.7272695569,2048,661,NA,NA,190,0,2269.1826171875,"7006000",99,6,6,3,702,"Tajikistan",4,2,5,2,"1.95861077308655",4,"",4,3,7,6.93,92.07,7.778,0,1,33,20.1,38.9,4.8,3.2,8,8,8,8,0.3386,0.5107,0.5473,4319
"Tanzania","TZA","TZ",2014,0.1053801133,4.4,1.5367338495,885800,55.6029871303,0.335002087,55.7179314872,61.4931463415,36.4,2364.7027567608,49253126,30.196,5.5,6.5,3.5,91.0999984741,90.5,32.9677810669,2.6519920632,0.871818364,16.2465000153,12.7,NA,0.117348108,1.4657620416,102099,1040,0,0,0,0,4501.96240234375,"13450000",29.9,3,3,2,510,"Tanzania",7,9,11,7,"6.92157030105591",9,"",12,11,7.5,2.2425,27.6575,1.667,3.9,7,44.6,19.5,29.5,3.5,2.9,9,8,9,8,0.6334,0.7353,0.8983,102506
"Thailand","THA","TH",2014,7.3570557642,28.94,23.5187361469,510890,131.1642467067,9.0373893931,140.0511818282,74.3650731707,11.3,13931.8114713267,67010502,47.943,2.9000000954,3.0999999046,0.6999999881,85.9000015259,78.3000030518,86.9829406738,3.6644652643,1.516895529,37.4145812988,5,189,1.1437606376,1.7428051757,136499,222,0,0,0,0,6043.7578125,"3952000",5.8,4,4,2,800,"Thailand",6,8,9,5,"5.26725053787231",10,"",9,6,0.5,0.029,5.771,3.056,6.6,6,17.6,15,46.9,10.9,9.5,2189,1664,2189,1664,0.0994,0.6338,0.6344,141211
"Timor-Leste","TMP","TL",2014,0.0617894762,1.1,0.8319467554,14870,79.3590450572,0.2648120408,57.3759421792,67.5223658537,46.2,2039.7350749186,1180069,31.485,10.1000003815,13.3000001907,4.4000000954,51.5999984741,38.7000007629,56.6177101135,1.1678547503,2.3464566929,NA,3.6,NA,0.5484649168,1.2974384125,1,10,0,0,0,0,9728.1806640625,"1000",0.1,4,3,2,NA,NA,NA,NA,NA,NA,NA,NA,NA,NA,NA,0.5,5e-04,0.0995,0.833,0,0,42.4,19.8,29.3,4.8,3.7,3,3,3,3,0.4254,NA,0.5261,2
"Togo","TGO","TG",2014,0.1014378504,4.5,4.29000429,54390,125.3352086781,0.9173707661,62.5349018085,56.4885121951,55.8,1345.914276292,6816982,38.979,10.1999998093,10.6999998093,6.9000000954,82.3000030518,82.1999969482,54.9405212402,4.4889915679,1.5713125021,15.4205799103,10.3,NA,0.2896224538,2.940082277,20613,10347,0,0,0,0,4716.8388671875,"827000",12.2,4,5,2,461,"Togo",6,4,8,4,"4.44009065628052",7,"",8,6,0.5,0.061,12.139,0,3.967,0,40.7,19.7,32.1,4.2,3.3,0,0,0,0,0.6596,0.7099,0.898,21042
"Trinidad and Tobago","TTO","TT",2014,14.5555571297,63.8,112.3511904762,5130,261.4329434698,21.719478269,144.9406517238,69.9252195122,19,29469.3529907208,1341151,8.666,10.8999996185,13.1999998093,5.8000001907,82.4000015259,71,NA,2.6235881538,NA,NA,28.3,NA,0.5946027686,2.586260772,20,336,0,0,0,0,10079.7734375,"78000",5.8,2,2,1,52,"Trinidad and Tobago",11,11,15,9,"8.57589054107666",13,"",13,9,0.5,0.029,5.771,0.833,2.8,1.667,19.4,13,46.9,11.1,9.5,4,0,4,0,0.7936,0.6475,0.1251,62
"Tunisia","TUN","TN",2014,4.8559839185,43.8,17.8928247048,155360,70.0727342945,9.2936625831,115.6035798614,73.6463414634,13.1,10767.6416787227,10886500,66.456,32,31.2000007629,13.3000001907,75.5,51.2000007629,90.6009063721,4.1951504118,2.017013641,NA,2.2,NA,1.2011504911,0.3184856501,730,1371,1500,3000,2250,0,2395.86499023438,"10349000",99.8,4,3,2,616,"Tunisia",7,9,10,5,"6.09441089630127",9,"",12,6,0.5,0.499,99.301,8.611,7.933,6.333,23,16,44.6,8.4,7.9,36,43,36,43,0.0104,0.0394,0.0124,1094
"Turkey","TUR","TR",2014,11.1871287174,46.25,57.4126086211,769630,97.3619024726,18.0851826643,92.9649710331,75.1759512195,16.5,18567.1347101229,74932641,72.37,18.7999992371,20.3999996185,10,75.5999984741,53.5,86.109336853,4.3272180637,2.3216484796,NA,2.6,19,2.226739574,1.9559121127,609938,66607,NA,NA,600,1,1061.53955078125,"74660000",98.6,4,3,2,640,"Turkey",7,11,9,7,"6.09441089630127",10,"",10,7,12.5,12.325,86.275,4.444,7.333,10,25.5,16.8,42.9,8.1,6.7,416,499,416,499,0.0049,0.32,0.2216,662405
"Turkmenistan","TKM","TM",2014,0.034350673,9.6,0.37686075,469930,11.1507501117,11.4883917626,116.8934319986,65.4625853659,46.6,13554.9311521902,5240072,49.35,19.2999992371,20.2000007629,10.6000003815,79.6999969482,64.4000015259,85.3651428223,1.2917509738,NA,NA,12.8,NA,0.9545189095,4.1194011497,45,517,NA,NA,360,0,1360.60473632812,"4830000",93.3,7,7,3,701,"Turkmenistan",0,0,2,0,"0.304290890693665",3,"",1,1,1,0.933,92.367,8.611,9.333,6.333,26.4,20.2,42.3,6.9,4.2,0,0,0,0,0.2327,0.3918,0.3984,45
"Uganda","UGA","UG",2014,0.1104343834,16.2,1.5703436736,199810,188.0730493969,0.5521027292,44.0906907381,59.19,43.8,1620.5769390933,37578876,15.437,6.0999999046,6.5999999046,3.7999999523,79.5999984741,78.0999984741,26.8669300079,4.3372889566,1.8809293562,23.4180793762,10.7,NA,0.3113714863,1.9023272076,220555,8177,0,0,0,0,3711.9990234375,"4060000",12,4,5,2,500,"Uganda",4,3,11,3,"4.44009065628052",7,"",6,6,2.5,0.3,11.7,3.889,1.333,0,48.7,21.2,25.7,2.4,2.1,17,121,17,121,0.6332,0.9302,0.9227,244776
"Ukraine","UKR","UA",2014,8.8305405061,41.8,45.5841085357,579320,78.522405579,26.1522580006,138.0646548909,71.1595121951,8.6,8508.0147873102,45489600,69.274,18.8999996185,17.7999992371,7.9000000954,73.3000030518,67.6999969482,98.8634490967,4.2317814384,2.9325102015,30.1440296173,4.3,NA,0.5256946113,11.4616236508,2968,5172,NA,NA,50,0,1941.869140625,"393000",0.9,3,4,2,369,"Ukraine",8,8,10,4,"6.09441089630127",11,"",9,7,0.5,0.0045,0.8955,2.222,1.333,9,14,11.5,45,13.6,15.9,23,3,23,3,0.6157,0.4737,0.4741,8446
"United Arab Emirates","ARE","AE",2014,11.1143233739,88,283.188651281,83600,111.7958014354,22.3195613927,171.8737993024,77.1312926829,7,57044.5776548759,9346129,84.981,8.1000003815,9.8999996185,3.7999999523,92.3000030518,80.1999969482,NA,2.2500754132,4.9567843973,NA,2.6,NA,0.9959683832,39.012611092,603,90,NA,NA,15,0,1384.18225097656,"3577000",76,6,6,3,696,"United Arab Emirates",2,1,4,2,"1.95861077308655",4,"",2,4,10,7.6,68.4,5.556,9,4.667,20.7,13.7,61.5,3.1,1,3,0,3,0,0.331,0.6252,0.4874,680
"United Kingdom","GBR","GB",2014,35.7597222452,89.8441,1291.7823302266,241930,264.9806927624,52.8758756952,124.6098070578,80.956097561,3.9,36931.4742257195,64106779,82.092,22.5,20.2999992371,7.5,82.0999984741,76.1999969482,95.4163589478,7.6172503872,2.1624909094,31.4824905396,1,NA,0.4851113933,10.2789304431,126055,142,500,600,550,0,3546.1513671875,"2869000",4.6,1,1,1,200,"United Kingdom",12,12,15,12,"10",15,"",16,15,12.5,0.575,4.025,2.222,7.933,6,17.3,12.6,41,11.5,17.5,375,12,375,12,0.6944,0.1211,0.0532,151170
"United States","USA","US",2014,29.2509890839,84.2,1550.1106872027,9147420,34.5593444928,42.2204960791,95.5292348104,78.8414634146,5.9,51340.4876279117,316128839,81.277,17.2000007629,15.8000001907,7.4000000954,77.3000030518,71.6999969482,93.6739501953,8.0509176528,3.818089056,23.947889328,4.7,NA,0.9015833128,13.8408152466,263662,4761,NA,NA,100,0,9115.1357421875,"2595000",0.8,1,1,1,2,"United States",11,11,16,10,"10",15,"",16,14,12.5,0.1,0.7,NA,NA,NA,19.4,13.7,39.9,12.6,14.5,99,39,99,39,0.8241,0.4901,0.2514,348005
"Uruguay","URY","UY",2014,21.1315790555,58.1,95.3495174027,175020,19.4667009485,30.7727009371,154.618465998,77.0514146341,9.5,18965.8165353822,3407062,94.983,15.8000001907,18.5,6.5999999046,85.8000030518,76.5,90.3358688354,6.1431056347,1.8699569654,NA,7.9,NA,1.4548019612,2.3694076659,203,146,0,0,0,0,12266.8623046875," <1,000 ",0.1,1,1,1,165,"Uruguay",12,12,16,11,"10",15,"",16,15,0.5,5e-04,0.0995,0,0,0,21,16,38.9,10.1,13.9,0,0,0,0,0.3548,0.2504,0.0817,245
"Uzbekistan","UZB","UZ",2014,1.058612429,38.2,1.6624291023,425400,71.0935590033,6.9122587596,74.3067816655,68.2275853659,36.7,5002.1491200742,30243200,36.217,19.2999992371,20.2999992371,10.6999998093,78.5999984741,64.6999969482,105.1697616577,3.1179062569,NA,NA,3.7,NA,0.5112617429,4.1170734952,141,4965,NA,NA,500,0,2354.82885742188,"26833000",96.5,7,7,3,704,"Uzbekistan",0,0,1,0,"0.304290890693665",3,"",0,0,1,0.965,95.535,8.611,8.333,9.333,24.9,20.5,43,6.8,4.8,2,3,2,3,0.2133,0.4125,0.412,141
"Venezuela, RB","VEN","VE",2014,7.3106951714,54.9,12.1227837023,882050,34.4710696673,25.5672556349,101.6144340014,74.643097561,12.9,17614.5982099448,30405207,88.894,14,16.1000003815,7.5,82.6999969482,68.8000030518,92.9535827637,0.9763692314,1.2123411622,NA,53.7,NA,0.8130488256,3.4685472713,204340,8395,0,0,0,0,10569.2509765625,"95000",0.3,5,5,2,101,"Venezuela",4,5,9,2,"3.61293053627014",7,"",8,4,0.5,0.0015,0.2985,3.889,7.767,2.333,28.2,18.8,39.6,7.5,5.9,7,12,7,12,0.135,0.4966,0.0686,205413
"Vietnam","VNM","VN",2014,5.6189081615,43.9,11.886613199,310070,289.3182184668,10.1320103103,130.8904335487,75.7564878049,19,5124.6035198023,89708900,32.309,4.8000001907,5.4000000954,2,85.5,82.1999969482,NA,2.4932442845,2.176849795,NA,3.3,NA,0.9713262626,0.0797250741,990,314105,0,0,0,0,6149.15625,"160000",0.2,5,7,3,816,"Vietnam",1,0,4,1,"1.95861077308655",8,"",1,4,0.5,0.001,0.199,8.611,6.2,6,24.3,17.8,44.8,7.4,5.7,0,0,0,0,0.508,0.2383,0.2377,NA
"West Bank and Gaza","WBG","PS",2014,4.9248837631,46.6,5.1498127341,6020,692.6089700997,9.3157077823,73.7405331814,73.2033414634,18.6,4484.4337874114,4169506,74.8,34.5999984741,38.2999992371,23.3999996185,68.9000015259,42.7999992371,82.2902297974,NA,NA,NA,7.4,NA,5.6918435881,50.4790477925,1994493,96044,NA,NA,60,0,281.228057861328,"4298000",97.5,6,6,3,NA,NA,NA,NA,NA,NA,NA,NA,NA,NA,NA,0.5,0.4875,97.0125,2.5,7.7,10,38.45,21.15,33.25,3.95,3.2,318,214,318,214,0.17185,NA,0.0771,NA
"Yemen, Rep.","YEM","YE",2014,1.0521407438,20,0.76094357,527970,46.228727011,4.6830096191,69.0147787671,63.0895853659,40.4,3832.284739919,24407381,33.45,20.2999992371,29.7999992371,17.3999996185,74.3000030518,50.4000015259,49.1850395203,1.3350583699,3.9346317877,12.1281499863,4.8,582,1.9353356502,2.2752968325,241288,2428,NA,NA,110,0,1996.06689453125,"24023000",99,6,6,3,679,"Yemen",3,3,6,2,"1.95861077308655",5,"",4,2,37.5,37.125,61.875,6.944,7.267,10,41.7,21.1,30.9,3.7,2.6,1023,2640,1023,2640,0.0023,NA,0.008,249485
"Zambia","ZMB","ZM",2014,0.092298867,15.4,3.5949670461,743390,19.5572176112,0.7962367869,71.504631795,58.0927804878,55.8,3799.5404355805,14538640,40.027,26.6000003815,24.6000003815,13.3000001907,86,79.6999969482,NA,2.9348803291,1.4068313961,NA,10.7,NA,0.2680714695,1.7639423817,23594,232,0,0,0,0,5516.59716796875,"59000",0.4,4,3,2,551,"Zambia",NA,NA,NA,NA,"6.09441089630127",NA,"",NA,NA,0.5,0.002,0.398,0,8.333,0,46.2,20,28.5,2.9,2.4,0,0,0,0,0.7359,0.7808,0.8734,25814
"Zimbabwe","ZWE","ZW",2014,0.7319899407,18.5,4.7263511199,386850,36.5765748998,2.1496082447,96.3498667953,59.7734878049,55,1773.3132255994,14149648,32.654,9.3000001907,9.3000001907,5.4000000954,90.6999969482,87.6999969482,47.2041397095,NA,2.6389918458,NA,10.6,NA,0.6855748572,2.8466668675,6389,19681,0,0,0,0,5740.6826171875,"109000",0.9,6,6,3,552,"Zimbabwe",NA,NA,NA,NA,"1.95861077308655",NA,"",NA,NA,0.5,0.0045,0.8955,4.722,1.733,3.667,38.4,22.1,32.3,3.6,3.5,13,9,13,9,0.7363,0.3874,0.4472,6869
